{"name":"0e3d3ba4-54c2-485e-b664-9ba9b6f38566","id":"/providers/Microsoft.Flow/flows/0e3d3ba4-54c2-485e-b664-9ba9b6f38566","type":"Microsoft.Flow/flows","properties":{"apiId":"/providers/Microsoft.PowerApps/apis/shared_logicflows","displayName":"ImportingDatas Flow","definition":{"metadata":{"workflowEntityId":null,"flowclientsuspensionreason":"None","flowclientsuspensiontime":null,"creator":{"id":"4a5e3786-b863-496f-9cfd-e44668a3d054","type":"User","tenantId":"406c04ec-ef38-41c6-96a1-8949545e836c"},"provisioningMethod":"FromDefinition","failureAlertSubscription":true,"clientLastModifiedTime":"2020-12-30T10:58:42.8873124Z"},"$schema":"https://schema.management.azure.com/providers/Microsoft.Logic/schemas/2016-06-01/workflowdefinition.json#","contentVersion":"1.0.0.0","parameters":{"$connections":{"defaultValue":{},"type":"Object"},"$authentication":{"defaultValue":{},"type":"SecureObject"}},"triggers":{"manual":{"type":"Request","kind":"Button","inputs":{"schema":{"type":"object","properties":{},"required":[]}}}},"actions":{"List_rows_present_in_a_table_School":{"runAfter":{},"metadata":{"01CPD4B3X36EKLJAONB5FZT4KM3DYDOVOV":"/DropIn_Data_New.xlsx","tableId":"{00000000-000C-0000-FFFF-FFFF00000000}","01CPD4B3XX3G2VZSRSKVCJOXRFM637ZDPO":"/DropIn_Data_Separated_Lists.xlsx","01CPD4B3WWOPAPY5NXEZDIY23OOWNXNWZT":"/SampleListDatas.xlsx"},"type":"OpenApiConnection","inputs":{"host":{"apiId":"/providers/Microsoft.PowerApps/apis/shared_excelonlinebusiness","connectionName":"shared_excelonlinebusiness","operationId":"GetItems"},"parameters":{"source":"me","drive":"b!uBqG-jW070625EW0LXKOf4jpO6f6k0dEkonKuP270yvloIMQYRp2Spm2cWCfh05Z","file":"01CPD4B3WWOPAPY5NXEZDIY23OOWNXNWZT","table":"{00000000-000C-0000-FFFF-FFFF00000000}"},"authentication":{"value":"@json(decodeBase64(triggerOutputs().headers['X-MS-APIM-Tokens']))['$ConnectionKey']","type":"Raw"}}},"Apply_to_each_School":{"foreach":"@outputs('List_rows_present_in_a_table_School')?['body/value']","actions":{"Create_item":{"runAfter":{},"type":"OpenApiConnection","inputs":{"host":{"apiId":"/providers/Microsoft.PowerApps/apis/shared_sharepointonline","connectionName":"shared_sharepointonline","operationId":"PostItem"},"parameters":{"dataset":"https://m365edu748418.sharepoint.com/sites/TestDrp","table":"8af07276-8e0b-4b02-9809-20b2f7afb5a3","item/Title":"@items('Apply_to_each_School')?['Title']"},"authentication":{"value":"@json(decodeBase64(triggerOutputs().headers['X-MS-APIM-Tokens']))['$ConnectionKey']","type":"Raw"}}}},"runAfter":{"List_rows_present_in_a_table_School":["Succeeded"]},"type":"Foreach"},"List_rows_present_in_a_table_Timeslot":{"runAfter":{"Apply_to_each_School":["Succeeded"]},"metadata":{"01CPD4B3WWOPAPY5NXEZDIY23OOWNXNWZT":"/SampleListDatas.xlsx","tableId":"{00000000-000C-0000-FFFF-FFFF01000000}"},"type":"OpenApiConnection","inputs":{"host":{"apiId":"/providers/Microsoft.PowerApps/apis/shared_excelonlinebusiness","connectionName":"shared_excelonlinebusiness","operationId":"GetItems"},"parameters":{"source":"me","drive":"b!uBqG-jW070625EW0LXKOf4jpO6f6k0dEkonKuP270yvloIMQYRp2Spm2cWCfh05Z","file":"01CPD4B3WWOPAPY5NXEZDIY23OOWNXNWZT","table":"{00000000-000C-0000-FFFF-FFFF01000000}"},"authentication":{"value":"@json(decodeBase64(triggerOutputs().headers['X-MS-APIM-Tokens']))['$ConnectionKey']","type":"Raw"}}},"Apply_to_each":{"foreach":"@outputs('List_rows_present_in_a_table_Timeslot')?['body/value']","actions":{"Create_item_2":{"runAfter":{},"type":"OpenApiConnection","inputs":{"host":{"apiId":"/providers/Microsoft.PowerApps/apis/shared_sharepointonline","connectionName":"shared_sharepointonline","operationId":"PostItem"},"parameters":{"dataset":"https://m365edu748418.sharepoint.com/sites/TestDrp","table":"8deff760-4871-486c-a5fd-571cdc53eba3","item/Title":"@items('Apply_to_each')?['Title']"},"authentication":{"value":"@json(decodeBase64(triggerOutputs().headers['X-MS-APIM-Tokens']))['$ConnectionKey']","type":"Raw"}}}},"runAfter":{"List_rows_present_in_a_table_Timeslot":["Succeeded"]},"type":"Foreach"}}},"connectionReferences":{"shared_excelonlinebusiness":{"connectionName":"shared-excelonlinebu-dba2a88d-202e-43bd-9167-d2d9-059bf9e7","source":"Invoker","id":"/providers/Microsoft.PowerApps/apis/shared_excelonlinebusiness","tier":"NotSpecified"},"shared_sharepointonline":{"connectionName":"0d5e0ae6931c44d78aed8b9856d4663c","source":"Invoker","id":"/providers/Microsoft.PowerApps/apis/shared_sharepointonline","tier":"NotSpecified"}},"flowFailureAlertSubscribed":false}}