{"name":"a71f558d-0ff3-4699-a50d-5e9d9c7e3be5","id":"/providers/Microsoft.Flow/flows/a71f558d-0ff3-4699-a50d-5e9d9c7e3be5","type":"Microsoft.Flow/flows","properties":{"apiId":"/providers/Microsoft.PowerApps/apis/shared_logicflows","displayName":"Getting TeamName&Id Flow","definition":{"metadata":{"workflowEntityId":null,"flowclientsuspensionreason":"None","flowclientsuspensiontime":null,"creator":{"id":"4a5e3786-b863-496f-9cfd-e44668a3d054","type":"User","tenantId":"406c04ec-ef38-41c6-96a1-8949545e836c"},"provisioningMethod":"FromDefinition","failureAlertSubscription":true,"clientLastModifiedTime":"2020-12-18T12:40:22.2098127Z"},"$schema":"https://schema.management.azure.com/providers/Microsoft.Logic/schemas/2016-06-01/workflowdefinition.json#","contentVersion":"1.0.0.0","parameters":{"$connections":{"defaultValue":{},"type":"Object"},"$authentication":{"defaultValue":{},"type":"SecureObject"}},"triggers":{"manual":{"type":"Request","kind":"Button","inputs":{"schema":{"type":"object","properties":{},"required":[]}}}},"actions":{"Initialize_Client_Id":{"runAfter":{},"type":"InitializeVariable","inputs":{"variables":[{"name":"Client Id","type":"string","value":"e032e65d-d807-4844-b310-80bbd05c7cf3"}]}},"Initialize_Client_Secret":{"runAfter":{"Initialize_Client_Id":["Succeeded"]},"type":"InitializeVariable","inputs":{"variables":[{"name":"Client Secret","type":"string","value":".WG_Rg1258r3qIgv_qpd2~h8X~21B5lx72"}]}},"Initialize_Tenant_Id":{"runAfter":{"Initialize_Client_Secret":["Succeeded"]},"type":"InitializeVariable","inputs":{"variables":[{"name":"Tenant Id","type":"string","value":"406c04ec-ef38-41c6-96a1-8949545e836c"}]}},"HTTP":{"runAfter":{"Initialize_Tenant_Id":["Succeeded"]},"type":"Http","inputs":{"method":"GET","uri":"https://graph.microsoft.com/v1.0/groups?$orderby=displayName","authentication":{"type":"ActiveDirectoryOAuth","authority":"https://login.microsoft.com","tenant":"@variables('Tenant Id')","audience":"https://graph.microsoft.com","clientId":"@variables('Client Id')","secret":"@variables('Client Secret')"}}},"Parse_JSON":{"runAfter":{"HTTP":["Succeeded"]},"type":"ParseJson","inputs":{"content":"@body('HTTP')","schema":{"type":"object","properties":{"@@odata.context":{"type":"string"},"value":{"type":"array","items":{"type":"object","properties":{"id":{"type":"string"},"displayName":{"type":"string"}},"required":["id","displayName"]}}}}}},"Apply_to_each":{"foreach":"@body('Parse_JSON')?['value']","actions":{"Create_item":{"runAfter":{},"type":"OpenApiConnection","inputs":{"host":{"apiId":"/providers/Microsoft.PowerApps/apis/shared_sharepointonline","connectionName":"shared_sharepointonline","operationId":"PostItem"},"parameters":{"dataset":"https://m365edu748418.sharepoint.com/sites/TestDrp","table":"b2368e6b-a157-4416-8194-220162d34234","item/Title":"@items('Apply_to_each')?['displayName']","item/TeamID":"@items('Apply_to_each')?['id']"},"authentication":{"value":"@json(decodeBase64(triggerOutputs().headers['X-MS-APIM-Tokens']))['$ConnectionKey']","type":"Raw"}}}},"runAfter":{"Parse_JSON":["Succeeded"]},"type":"Foreach"}}},"connectionReferences":{"shared_sharepointonline":{"connectionName":"0d5e0ae6931c44d78aed8b9856d4663c","source":"Invoker","id":"/providers/Microsoft.PowerApps/apis/shared_sharepointonline","tier":"NotSpecified"}},"flowFailureAlertSubscribed":false}}