{"schemaVersion":"1.0","appDefinitionTemplate":{"id":"/providers/Microsoft.PowerApps/apps/","type":"Microsoft.PowerApps/apps","tags":{"primaryDeviceWidth":"640","primaryDeviceHeight":"1136","sienaVersion":"20210325T040918Z-3.21032.45.0","deviceCapabilities":"","supportsPortrait":"true","supportsLandscape":"false","primaryFormFactor":"Phone","publisherVersion":"3.21032.45","minimumRequiredApiVersion":"2.2.0","hasComponent":"true","hasUnlockedComponent":"true","isUnifiedRootApp":"false"},"properties":{"appVersion":"2021-03-25T04:09:18Z","lifeCycleId":"Published","createdByClientVersion":{"major":3,"minor":21032,"build":45,"revision":0,"majorRevision":0,"minorRevision":0},"minClientVersion":{"major":3,"minor":21032,"build":45,"revision":0,"majorRevision":0,"minorRevision":0},"backgroundColor":"rgba(105, 180, 69, 1)","backgroundImageUri":"/1057260598950085892/Nd5ff798e-50eb-42db-be16-e53c357a7ee0-logoSmallFile","displayName":"Classroom Drop-in","description":"","commitMessage":"","appUris":{"documentUri":{"value":"/1057260598950085892/N2add9f25-e0f1-4f6b-9063-f8e0c4042a06-document.msapp"},"imageUris":[]},"createdTime":"0001-01-01T00:00:00Z","lastModifiedTime":"0001-01-01T00:00:00Z","sharedGroupsCount":0,"sharedUsersCount":0,"icons":{"smallIconUri":"/1057260598950085892/N56536dd0-1549-4751-a2ef-d4bf2e63f976-small.png","mediumIconUri":"/1057260598950085892/Nc31f8001-1207-43c6-9419-55cb78317ae0-medium.png","largeIconUri":"/1057260598950085892/Ned07ca00-5b2d-4869-8592-7b3ceaeb4a1e-large.png","wideIconUri":"/1057260598950085892/Nf7672594-7d1c-494f-aebb-4f33c73ff47a-wide.png"},"connectionReferences":{"bfbb3434-ef5d-442e-b10f-a84704e5369d":{"id":"4ce5a631-bfa7-4b27-b92f-cf323cdef9fe","displayName":"SharePoint","iconUri":"https://connectoricons-prod.azureedge.net/releases/v1.0.1451/1.0.1451.2361/sharepointonline/icon.png","dataSources":["Timeslot","Active","Log","Permissions","Schools","Teams"],"dependencies":[],"dependents":[],"parameterHints":{},"isOnPremiseConnection":false,"bypassConsent":false,"dataSets":{"https://m365edu782354.sharepoint.com/sites/ClassroomDropIn":{"dataSources":{"Active":{"tableName":"9da08b96-ea49-4e38-a871-57193a41976f"},"Log":{"tableName":"f51b8fed-567f-4cf9-8241-f68ca6b10bf1"},"Permissions":{"tableName":"9e8b73b0-78d3-43b0-b43f-356e39984438"},"Schools":{"tableName":"113d6874-dcaa-4cf5-958b-eef1926b9c76"},"Teams":{"tableName":"ecf04776-7bbe-420b-99d6-2d5769b9cf9b"},"Timeslot":{"tableName":"65ecd197-6159-4a95-9b9e-6d72bdfa3b5e"}}}},"apiTier":"Standard","isCustomApiConnection":false},"7f271301-3983-4c6c-8547-8da30f3c4958":{"id":"6278c11d-a271-48e6-bbde-1dfacd2e56d1","displayName":"Office 365 Users","iconUri":"https://connectoricons-prod.azureedge.net/releases/v1.0.1430/1.0.1430.2296/office365users/icon.png","dataSources":["Office365Users"],"dependencies":[],"dependents":["481f0392-85ba-4f1c-9d69-f8377379faf6"],"parameterHints":{},"isOnPremiseConnection":false,"bypassConsent":false,"dataSets":{},"apiTier":"Standard","isCustomApiConnection":false,"actions":["UserProfile","MyProfileV2","UserPhotoMetadata","UserPhoto","SearchUser"]},"366be6f7-70c5-4b46-972c-16a0ccbe2f77":{"id":"a4d5084a-77a7-47d8-930c-734ecc460824","displayName":"Microsoft Teams","iconUri":"https://connectoricons-prod.azureedge.net/releases/v1.0.1436/1.0.1436.2319/teams/icon.png","dataSources":["MicrosoftTeams"],"dependencies":[],"dependents":["481f0392-85ba-4f1c-9d69-f8377379faf6","83ac4c42-02eb-4127-86a9-c29602537f52","ea23cffd-4924-4ff4-babf-a75686d7b5f6"],"parameterHints":{},"isOnPremiseConnection":false,"bypassConsent":false,"dataSets":{},"apiTier":"Standard","isCustomApiConnection":false},"481f0392-85ba-4f1c-9d69-f8377379faf6":{"id":"caa5a53f-6a24-4114-8337-7a7510b0adf8","displayName":"Logic flows","iconUri":"https://connectoricons-prod.azureedge.net/releases/v1.0.1438/1.0.1438.2324/logicflows/icon.png","dataSources":["Drop-InCancelFlow"],"dependencies":["ed8cdd85-09f4-4d17-9240-f744d130f8a4","366be6f7-70c5-4b46-972c-16a0ccbe2f77","7f271301-3983-4c6c-8547-8da30f3c4958"],"dependents":[],"parameterHints":{"workflowName":{"value":"dee9f9d0-a5c0-449b-a54e-70b9710a3c35"},"ed8cdd85-09f4-4d17-9240-f744d130f8a4":{"value":"shared_sharepointonline"},"366be6f7-70c5-4b46-972c-16a0ccbe2f77":{"value":"shared_teams"},"7f271301-3983-4c6c-8547-8da30f3c4958":{"value":"shared_office365users"}},"isOnPremiseConnection":false,"bypassConsent":false,"dataSets":{},"apiTier":"Standard","isCustomApiConnection":false,"actions":["Run"]},"ed8cdd85-09f4-4d17-9240-f744d130f8a4":{"id":"4ce5a631-bfa7-4b27-b92f-cf323cdef9fe","displayName":"SharePoint","iconUri":"https://connectoricons-prod.azureedge.net/releases/v1.0.1451/1.0.1451.2361/sharepointonline/icon.png","dataSources":[],"dependencies":[],"dependents":["481f0392-85ba-4f1c-9d69-f8377379faf6","83ac4c42-02eb-4127-86a9-c29602537f52"],"parameterHints":{},"isOnPremiseConnection":false,"bypassConsent":false,"dataSets":{},"apiTier":"Standard","isCustomApiConnection":false},"83ac4c42-02eb-4127-86a9-c29602537f52":{"id":"caa5a53f-6a24-4114-8337-7a7510b0adf8","displayName":"Logic flows","iconUri":"https://connectoricons-prod.azureedge.net/releases/v1.0.1438/1.0.1438.2324/logicflows/icon.png","dataSources":["Drop-InExtendFlow"],"dependencies":["ed8cdd85-09f4-4d17-9240-f744d130f8a4","366be6f7-70c5-4b46-972c-16a0ccbe2f77"],"dependents":[],"parameterHints":{"workflowName":{"value":"e39abaa3-ef73-4dd9-bdb1-78bc99b20978"},"ed8cdd85-09f4-4d17-9240-f744d130f8a4":{"value":"shared_sharepointonline"},"366be6f7-70c5-4b46-972c-16a0ccbe2f77":{"value":"shared_teams"}},"isOnPremiseConnection":false,"bypassConsent":false,"dataSets":{},"apiTier":"Standard","isCustomApiConnection":false,"actions":["Run"]},"ea23cffd-4924-4ff4-babf-a75686d7b5f6":{"id":"caa5a53f-6a24-4114-8337-7a7510b0adf8","displayName":"Logic flows","iconUri":"https://connectoricons-prod.azureedge.net/releases/v1.0.1438/1.0.1438.2324/logicflows/icon.png","dataSources":["DropInFlow"],"dependencies":["366be6f7-70c5-4b46-972c-16a0ccbe2f77","e445da92-25e7-4e59-a668-c7793d42ad49","43be3d22-7537-48c1-ba73-af7a2b529a28"],"dependents":[],"parameterHints":{"workflowName":{"value":"ad589a5b-5568-45dc-958b-06a430e32829"},"366be6f7-70c5-4b46-972c-16a0ccbe2f77":{"value":"shared_teams"},"e445da92-25e7-4e59-a668-c7793d42ad49":{"value":"shared_office365users"},"43be3d22-7537-48c1-ba73-af7a2b529a28":{"value":"shared_sharepointonline"}},"isOnPremiseConnection":false,"bypassConsent":false,"dataSets":{},"apiTier":"Standard","isCustomApiConnection":false,"actions":["Run"]},"e445da92-25e7-4e59-a668-c7793d42ad49":{"id":"6278c11d-a271-48e6-bbde-1dfacd2e56d1","displayName":"Office 365 Users","iconUri":"https://connectoricons-prod.azureedge.net/releases/v1.0.1430/1.0.1430.2296/office365users/icon.png","dataSources":[],"dependencies":[],"dependents":["ea23cffd-4924-4ff4-babf-a75686d7b5f6"],"parameterHints":{},"isOnPremiseConnection":false,"bypassConsent":false,"dataSets":{},"apiTier":"Standard","isCustomApiConnection":false},"43be3d22-7537-48c1-ba73-af7a2b529a28":{"id":"4ce5a631-bfa7-4b27-b92f-cf323cdef9fe","displayName":"SharePoint","iconUri":"https://connectoricons-prod.azureedge.net/releases/v1.0.1451/1.0.1451.2361/sharepointonline/icon.png","dataSources":[],"dependencies":[],"dependents":["ea23cffd-4924-4ff4-babf-a75686d7b5f6"],"parameterHints":{},"isOnPremiseConnection":false,"bypassConsent":false,"dataSets":{},"apiTier":"Standard","isCustomApiConnection":false}},"databaseReferences":{},"almMode":"Environment","performanceOptimizationEnabled":true,"canConsumeAppPass":true,"executionRestrictions":{"isTeamsOnly":false,"dataLossPreventionEvaluationResult":{"status":"Compliant","lastEvaluationDate":"2020-12-28T14:29:39.354198Z","violationDetails":[]}}},"isAppComponentLibrary":false,"appType":"ClassicCanvasApp","appComponents":[]}}