{"name":"04a635d6-5440-4691-8222-6876f6028c1e","id":"/providers/Microsoft.Flow/flows/04a635d6-5440-4691-8222-6876f6028c1e","type":"Microsoft.Flow/flows","properties":{"apiId":"/providers/Microsoft.PowerApps/apis/shared_logicflows","displayName":"Drop-In Cancel Flow","definition":{"metadata":{"workflowEntityId":null,"flowclientsuspensionreason":"None","flowclientsuspensiontime":null,"creator":{"id":"4a5e3786-b863-496f-9cfd-e44668a3d054","type":"User","tenantId":"406c04ec-ef38-41c6-96a1-8949545e836c"},"provisioningMethod":"FromDefinition","failureAlertSubscription":true,"clientLastModifiedTime":"2020-12-24T15:46:22.4952856Z"},"$schema":"https://schema.management.azure.com/providers/Microsoft.Logic/schemas/2016-06-01/workflowdefinition.json#","contentVersion":"1.0.0.0","parameters":{"$connections":{"defaultValue":{},"type":"Object"},"$authentication":{"defaultValue":{},"type":"SecureObject"}},"triggers":{"manual":{"type":"Request","kind":"PowerApp","inputs":{"schema":{"type":"object","properties":{"InitializeTeamUPN[donotmodify]_Value":{"type":"string","description":"Enter initial value","x-ms-powerflows-param-ispartial":false},"Getitem_Id":{"type":"integer","format":"int64","description":"Unique identifier of item to be retrieved","x-ms-powerflows-param-ispartial":false},"Initializevariable_Value":{"type":"string","description":"Enter initial value","x-ms-powerflows-param-ispartial":false},"Initializevariable2_Value":{"type":"string","description":"Enter initial value","x-ms-powerflows-param-ispartial":false},"Initializevariable3_Value":{"type":"string","description":"Enter initial value","x-ms-powerflows-param-ispartial":false},"Initializevariable4_Value":{"type":"string","description":"Enter initial value","x-ms-powerflows-param-ispartial":false},"Initializevariable5_Value":{"type":"string","description":"Enter initial value","x-ms-powerflows-param-ispartial":false},"Initializevariable6_Value":{"type":"string","description":"Enter initial value","x-ms-powerflows-param-ispartial":false},"Initializevariable7_Value":{"type":"string","description":"Enter initial value","x-ms-powerflows-param-ispartial":false},"Initializevariable8_Value":{"type":"string","description":"Enter initial value","x-ms-powerflows-param-ispartial":false}},"required":["InitializeTeamUPN[donotmodify]_Value","Getitem_Id","Initializevariable_Value","Initializevariable2_Value","Initializevariable3_Value","Initializevariable4_Value","Initializevariable5_Value","Initializevariable6_Value","Initializevariable7_Value","Initializevariable8_Value"]}}}},"actions":{"Set_Client_Secret":{"runAfter":{},"type":"InitializeVariable","inputs":{"variables":[{"name":"ClientSecret","type":"string","value":".WG_Rg1258r3qIgv_qpd2~h8X~21B5lx72"}]},"description":"From Azure AD App Registration"},"Set_Application_ID":{"runAfter":{"Set_Client_Secret":["Succeeded"]},"type":"InitializeVariable","inputs":{"variables":[{"name":"ApplicationID","type":"string","value":"e032e65d-d807-4844-b310-80bbd05c7cf3"}]},"description":"From Azure AD App Registration"},"Set_Directory_ID":{"runAfter":{"Set_Application_ID":["Succeeded"]},"type":"InitializeVariable","inputs":{"variables":[{"name":"DirectoryID","type":"string","value":"406c04ec-ef38-41c6-96a1-8949545e836c"}]},"description":"From Azure AD App Registration"},"Set_DropInAppUrl":{"runAfter":{"Set_Directory_ID":["Succeeded"]},"type":"InitializeVariable","inputs":{"variables":[{"name":"DropInAppUrl","type":"string","value":"https://teams.microsoft.com/_#/apps/1e357295-651a-4979-bfc4-8594f0e6ee3c/sections/db644229-0489-4753-b69a-bd1ef75d3e58"}]},"description":"Obtain by opening the PowerApp in Teams (using a web browser). Copy the URL."},"Initialize_ForwardSlash_[do_not_modify]":{"runAfter":{"Set_SPOSiteUrl":["Succeeded"]},"type":"InitializeVariable","inputs":{"variables":[{"name":"ForwardSlash","type":"string","value":"/"}]},"description":"Required as slashes cannot be escaped in formulas (used to create SPOSiteID variable)"},"Set_SPOSiteUrl":{"runAfter":{"Set_DropInAppUrl":["Succeeded"]},"type":"InitializeVariable","inputs":{"variables":[{"name":"SPOSiteUrl","type":"string","value":"https://m365edu748418.sharepoint.com/sites/Classroom_DropIn"}]},"description":"URL of SharePoint Site (must start with https, do note use a '/' at the end)"},"Get_item":{"runAfter":{"Initialize_variable_8":["Succeeded"]},"type":"OpenApiConnection","inputs":{"host":{"apiId":"/providers/Microsoft.PowerApps/apis/shared_sharepointonline","connectionName":"shared_sharepointonline","operationId":"GetItem"},"parameters":{"dataset":"@variables('SPOSiteUrl')","table":"Active","id":"@triggerBody()['Getitem_Id']"},"authentication":{"value":"@json(decodeBase64(triggerOutputs().headers['X-MS-APIM-Tokens']))['$ConnectionKey']","type":"Raw"}}},"Initialize_SPOSiteID_[do_not_modify]":{"runAfter":{"Initialize_ForwardSlash_[do_not_modify]":["Succeeded"]},"type":"InitializeVariable","inputs":{"variables":[{"name":"SPOSiteID","type":"string","value":"@{concat(substring(substring(variables('SPOSiteUrl'),8),0,indexOf(substring(variables('SPOSiteUrl'),8),variables('ForwardSlash'))),':',substring(substring(variables('SPOSiteUrl'),8),indexOf(substring(variables('SPOSiteUrl'),8),variables('ForwardSlash'))),':')\r\n}"}]}},"Remove_Team_Membership_(Graph_API)":{"runAfter":{"Get_user_profile_(V2)":["Succeeded"]},"type":"Http","inputs":{"method":"DELETE","uri":"https://graph.microsoft.com/v1.0/groups/@{outputs('Get_item')?['body/TeamID']}/owners/@{outputs('Get_user_profile_(V2)')?['body/id']}/$ref","authentication":{"type":"ActiveDirectoryOAuth","authority":"https://login.microsoft.com","tenant":"@variables('DirectoryID')","audience":"https://graph.microsoft.com","clientId":"@variables('ApplicationID')","secret":"@variables('ClientSecret')"}}},"Create_end_log_item_in_Log_list_(via_Graph_API)":{"runAfter":{"Remove_Team_Membership_(Graph_API)":["Succeeded"]},"type":"Http","inputs":{"method":"POST","uri":"https://graph.microsoft.com/v1.0/sites/@{variables('SPOSiteID')}/Lists/Log/Items","body":{"fields":{"Title":"@{GUID()}","TeamName":"@{outputs('Get_item')?['body/TeamName']}","TeamID":"@{outputs('Get_item')?['body/TeamID']}","RequestedBYUPN":"@{outputs('Get_item')?['body/RequestedBy/Email']}","DropInUserUPN":"@{outputs('Get_item')?['body/DropInUser/Email']}","Expiration":"@{utcNow()}","Action":"Cancel"}},"authentication":{"type":"ActiveDirectoryOAuth","authority":"https://login.microsoft.com","tenant":"@variables('DirectoryID')","audience":"https://graph.microsoft.com","clientId":"@variables('ApplicationID')","secret":"@variables('ClientSecret')"}},"description":"Uses Graph API since the \"Log\" list is only accessible to admins"},"Is_requestor_the_same_as_drop_in_user":{"actions":{"Send_end_notification":{"runAfter":{},"type":"OpenApiConnection","inputs":{"host":{"apiId":"/providers/Microsoft.PowerApps/apis/shared_teams","connectionName":"shared_teams","operationId":"PostUserAdaptiveCard"},"parameters":{"PostAdaptiveCardRequest/recipient/to":"@{outputs('Get_item')?['body/RequestedBy/Email']};","PostAdaptiveCardRequest/messageBody":"{\n    \"type\": \"AdaptiveCard\",\n    \"body\": [\n        {\n            \"type\": \"TextBlock\",\n            \"size\": \"Medium\",\n            \"weight\": \"Bolder\",\n            \"text\": \"@{variables('Headertext')}\"\n        },\n        {\n            \"type\": \"TextBlock\",\n            \"text\": \"@{variables('SelfNotification')}\",\n            \"wrap\": true\n        },\n        {\n            \"type\": \"FactSet\",\n            \"facts\": [\n                {\n                    \"title\": \"@{variables('TeamNameText')}\",\n                    \"value\": \"@{outputs('Get_item')?['body/TeamName']}\"\n                }\n            ]\n        }\n    ],\n    \"actions\": [\n{\n            \"type\": \"Action.OpenUrl\",\n            \"title\": \"@{variables('ButtonText1')}\",\n            \"url\": \"@{variables('DropInAppUrl')}\"\n        }\n    ],\n    \"$schema\": \"http://adaptivecards.io/schemas/adaptive-card.json\",\n    \"version\": \"1.2\"\n}"},"authentication":{"value":"@json(decodeBase64(triggerOutputs().headers['X-MS-APIM-Tokens']))['$ConnectionKey']","type":"Raw"}}}},"runAfter":{"Delete_item":["Succeeded"]},"else":{"actions":{"Send_end_notification_to_Assignee":{"runAfter":{},"type":"OpenApiConnection","inputs":{"host":{"apiId":"/providers/Microsoft.PowerApps/apis/shared_teams","connectionName":"shared_teams","operationId":"PostUserAdaptiveCard"},"parameters":{"PostAdaptiveCardRequest/recipient/to":"@{outputs('Get_item')?['body/DropInUser/Email']};","PostAdaptiveCardRequest/messageBody":"{\n    \"type\": \"AdaptiveCard\",\n    \"body\": [\n        {\n            \"type\": \"TextBlock\",\n            \"size\": \"Medium\",\n            \"weight\": \"Bolder\",\n            \"text\": \"@{variables('Headertext')}\"\n        },\n        {\n            \"type\": \"TextBlock\",\n            \"text\": \"@{variables('DropInUserNotification')}\",\n            \"wrap\": true\n        },\n        {\n            \"type\": \"FactSet\",\n            \"facts\": [\n                {\n                    \"title\": \"@{variables('TeamNameText')}\",\n                    \"value\": \"@{outputs('Get_item')?['body/TeamName']}\"\n                }\n            ]\n        }\n    ],\n    \"$schema\": \"http://adaptivecards.io/schemas/adaptive-card.json\",\n    \"version\": \"1.2\"\n}"},"authentication":{"value":"@json(decodeBase64(triggerOutputs().headers['X-MS-APIM-Tokens']))['$ConnectionKey']","type":"Raw"}}},"Send_end_notification_to_Requester":{"runAfter":{"Send_end_notification_to_Assignee":["Succeeded"]},"type":"OpenApiConnection","inputs":{"host":{"apiId":"/providers/Microsoft.PowerApps/apis/shared_teams","connectionName":"shared_teams","operationId":"PostUserAdaptiveCard"},"parameters":{"PostAdaptiveCardRequest/recipient/to":"@{outputs('Get_item')?['body/RequestedBy/Email']};","PostAdaptiveCardRequest/messageBody":"{\n    \"type\": \"AdaptiveCard\",\n    \"body\": [\n        {\n            \"type\": \"TextBlock\",\n            \"size\": \"Medium\",\n            \"weight\": \"Bolder\",\n            \"text\": \"@{variables('Headertext')}\"\n        },\n        {\n            \"type\": \"TextBlock\",\n            \"text\": \"@{variables('ConfirmationNotification')}\",\n            \"wrap\": true\n        },\n        {\n            \"type\": \"FactSet\",\n            \"facts\": [\n                {\n                    \"title\": \"@{variables('TeamNameText')}\",\n                    \"value\": \"@{outputs('Get_item')?['body/TeamName']}\"\n                },\n                {\n                    \"title\": \"@{variables('DropInuserText')}\",\n                    \"value\": \"@{outputs('Get_item')?['body/DropInUser/DisplayName']}\"\n                },\n            ]\n        }\n    ],\n    \"actions\": [\n{\n            \"type\": \"Action.OpenUrl\",\n            \"title\": \"@{variables('ButtonText1')}\",\n            \"url\": \"@{variables('DropInAppUrl')}\"\n        }\n    ],\n    \"$schema\": \"http://adaptivecards.io/schemas/adaptive-card.json\",\n    \"version\": \"1.2\"\n}"},"authentication":{"value":"@json(decodeBase64(triggerOutputs().headers['X-MS-APIM-Tokens']))['$ConnectionKey']","type":"Raw"}}}}},"expression":{"equals":["@outputs('Get_item')?['body/RequestedBy/Email']","@outputs('Get_item')?['body/DropInUser/Email']"]},"type":"If"},"Delete_item":{"runAfter":{"Create_end_log_item_in_Log_list_(via_Graph_API)":["Succeeded"]},"type":"OpenApiConnection","inputs":{"host":{"apiId":"/providers/Microsoft.PowerApps/apis/shared_sharepointonline","connectionName":"shared_sharepointonline","operationId":"DeleteItem"},"parameters":{"dataset":"@variables('SPOSiteUrl')","table":"Active","id":"@outputs('Get_item')?['body/ID']"},"authentication":{"value":"@json(decodeBase64(triggerOutputs().headers['X-MS-APIM-Tokens']))['$ConnectionKey']","type":"Raw"}}},"Get_user_profile_(V2)":{"runAfter":{"Get_item":["Succeeded"]},"type":"OpenApiConnection","inputs":{"host":{"apiId":"/providers/Microsoft.PowerApps/apis/shared_office365users","connectionName":"shared_office365users","operationId":"UserProfile_V2"},"parameters":{"id":"@outputs('Get_item')?['body/DropInUser/Email']"},"authentication":{"value":"@json(decodeBase64(triggerOutputs().headers['X-MS-APIM-Tokens']))['$ConnectionKey']","type":"Raw"}}},"Initialize_variable":{"runAfter":{"Initialize_SPOSiteID_[do_not_modify]":["Succeeded"]},"type":"InitializeVariable","inputs":{"variables":[{"name":"SelfNotification","type":"string","value":"@{triggerBody()['Initializevariable_Value']}"}]}},"Initialize_variable_2":{"runAfter":{"Initialize_variable":["Succeeded"]},"type":"InitializeVariable","inputs":{"variables":[{"name":"DropInUserNotification","type":"string","value":"@{triggerBody()['Initializevariable2_Value']}"}]}},"Initialize_variable_3":{"runAfter":{"Initialize_variable_2":["Succeeded"]},"type":"InitializeVariable","inputs":{"variables":[{"name":"ConfirmationNotification","type":"string","value":"@{triggerBody()['Initializevariable3_Value']}"}]}},"Initialize_variable_4":{"runAfter":{"Initialize_variable_3":["Succeeded"]},"type":"InitializeVariable","inputs":{"variables":[{"name":"ButtonText1","type":"string","value":"@{triggerBody()['Initializevariable4_Value']}"}]}},"Initialize_variable_5":{"runAfter":{"Initialize_variable_4":["Succeeded"]},"type":"InitializeVariable","inputs":{"variables":[{"name":"ButtonText2","type":"string","value":"@{triggerBody()['Initializevariable5_Value']}"}]}},"Initialize_variable_6":{"runAfter":{"Initialize_variable_5":["Succeeded"]},"type":"InitializeVariable","inputs":{"variables":[{"name":"TeamNameText","type":"string","value":"@{triggerBody()['Initializevariable6_Value']}"}]}},"Initialize_variable_7":{"runAfter":{"Initialize_variable_6":["Succeeded"]},"type":"InitializeVariable","inputs":{"variables":[{"name":"DropInuserText","type":"string","value":"@{triggerBody()['Initializevariable7_Value']}"}]}},"Initialize_variable_8":{"runAfter":{"Initialize_variable_7":["Succeeded"]},"type":"InitializeVariable","inputs":{"variables":[{"name":"Headertext","type":"string","value":"@{triggerBody()['Initializevariable8_Value']}"}]}}}},"connectionReferences":{"shared_sharepointonline":{"connectionName":"0f09a3ba517340399bb1227e494a871f","source":"Invoker","id":"/providers/Microsoft.PowerApps/apis/shared_sharepointonline","tier":"NotSpecified"},"shared_teams":{"connectionName":"fd1a15884c574128a2de33071e0dbbc0","source":"Invoker","id":"/providers/Microsoft.PowerApps/apis/shared_teams","tier":"NotSpecified"},"shared_office365users":{"connectionName":"04a589263b3d445c84d959f8b0c7f87c","source":"Invoker","id":"/providers/Microsoft.PowerApps/apis/shared_office365users","tier":"NotSpecified"}},"flowFailureAlertSubscribed":false}}