{"schemaVersion":"1.0","appDefinitionTemplate":{"id":"/providers/Microsoft.PowerApps/apps/","type":"Microsoft.PowerApps/apps","tags":{"primaryDeviceWidth":"640","primaryDeviceHeight":"1136","sienaVersion":"20201230T120043Z-3.20114.22.0","deviceCapabilities":"","supportsPortrait":"true","supportsLandscape":"false","primaryFormFactor":"Phone","publisherVersion":"3.20114.22","minimumRequiredApiVersion":"2.2.0","hasComponent":"true","hasUnlockedComponent":"true","isUnifiedRootApp":"false"},"properties":{"appVersion":"2020-12-30T12:00:43Z","lifeCycleId":"Published","createdByClientVersion":{"major":3,"minor":20114,"build":22,"revision":0,"majorRevision":0,"minorRevision":0},"minClientVersion":{"major":3,"minor":20114,"build":22,"revision":0,"majorRevision":0,"minorRevision":0},"backgroundColor":"rgba(105, 180, 69, 1)","backgroundImageUri":"/18380617171040665415/N67eec2c6-7c88-4c83-b56d-0053c36b28b9-logoSmallFile","displayName":"Classroom Drop-in","description":"","commitMessage":"","appUris":{"documentUri":{"value":"/18380617171040665415/N19371f64-b048-4642-8ecc-0f3542b0a2ee-document.msapp"},"imageUris":[]},"createdTime":"0001-01-01T00:00:00Z","lastModifiedTime":"0001-01-01T00:00:00Z","sharedGroupsCount":0,"sharedUsersCount":0,"icons":{"smallIconUri":"/18380617171040665415/N57ca12ab-dfa2-4185-b7ee-fadf9ee957ba-small.png","mediumIconUri":"/18380617171040665415/N573ea4b9-e2c8-44e9-a86d-35897160f885-medium.png","largeIconUri":"/18380617171040665415/Nef12009a-92ab-4eff-875d-236b388b0613-large.png","wideIconUri":"/18380617171040665415/N1c090d80-de6e-4ce6-9185-634f2080cea4-wide.png"},"connectionReferences":{"bfbb3434-ef5d-442e-b10f-a84704e5369d":{"id":"9ec80985-b407-4efc-b206-940ba6151955","displayName":"SharePoint","iconUri":"https://connectoricons-prod.azureedge.net/releases/v1.0.1426/1.0.1426.2268/sharepointonline/icon.png","dataSources":["Active","Log","Permissions","Schools","Teams"],"dependencies":[],"dependents":[],"parameterHints":{},"isOnPremiseConnection":false,"bypassConsent":false,"dataSets":{"https://m365edu748418.sharepoint.com/sites/Classroom_DropIn":{"dataSources":{"Active":{"tableName":"c66072b5-953c-453e-8bd3-10d281910b3e"},"Log":{"tableName":"0efa2a96-7d84-4106-b7f1-7a063231e352"},"Permissions":{"tableName":"45ba228b-b820-4c04-9d1c-a57eaf5296ed"},"Schools":{"tableName":"7f478eb0-7e33-449b-af8c-c15673a8c89c"},"Teams":{"tableName":"6b0baeed-e37a-4c35-8648-324605b410a4"}}}},"apiTier":"Standard","isCustomApiConnection":false},"7f271301-3983-4c6c-8547-8da30f3c4958":{"id":"fd9de6cc-b36e-45fa-8695-716748e03126","displayName":"Office 365 Users","iconUri":"https://connectoricons-prod.azureedge.net/releases/v1.0.1411/1.0.1411.2206/office365users/icon.png","dataSources":["Office365Users"],"dependencies":[],"dependents":["481f0392-85ba-4f1c-9d69-f8377379faf6"],"parameterHints":{},"isOnPremiseConnection":false,"bypassConsent":false,"dataSets":{},"apiTier":"Standard","isCustomApiConnection":false,"actions":["UserProfile","MyProfileV2","UserPhotoMetadata","UserPhoto","SearchUser"]},"366be6f7-70c5-4b46-972c-16a0ccbe2f77":{"id":"9c38bb93-d32b-48d1-a660-2348a6c54c9c","displayName":"Microsoft Teams","iconUri":"https://connectoricons-prod.azureedge.net/releases/v1.0.1425/1.0.1425.2266/teams/icon.png","dataSources":["MicrosoftTeams"],"dependencies":[],"dependents":["481f0392-85ba-4f1c-9d69-f8377379faf6","83ac4c42-02eb-4127-86a9-c29602537f52","ff19c880-f30e-4ea6-94a6-ea8da4acec11"],"parameterHints":{},"isOnPremiseConnection":false,"bypassConsent":false,"dataSets":{},"apiTier":"Standard","isCustomApiConnection":false},"cedbc6f1-0480-43b8-9d00-e65a203941d0":{"id":"9ec80985-b407-4efc-b206-940ba6151955","displayName":"SharePoint","iconUri":"https://connectoricons-prod.azureedge.net/releases/v1.0.1426/1.0.1426.2268/sharepointonline/icon.png","dataSources":["Timeslot"],"dependencies":[],"dependents":[],"parameterHints":{},"isOnPremiseConnection":false,"bypassConsent":false,"dataSets":{"https://m365edu748418.sharepoint.com/sites/Classroom_DropIn":{"dataSources":{"Timeslot":{"tableName":"8dd386f2-ca32-4e3e-bd6a-78ce63f9a830"}}}},"apiTier":"Standard","isCustomApiConnection":false},"481f0392-85ba-4f1c-9d69-f8377379faf6":{"id":"4e918aeb-6560-411e-ae64-89b87d2de62b","displayName":"Logic flows","iconUri":"https://resourcestackdeploy.blob.core.windows.net/scripts/13276078.png","dataSources":["Drop-InCancelFlow"],"dependencies":["ed8cdd85-09f4-4d17-9240-f744d130f8a4","366be6f7-70c5-4b46-972c-16a0ccbe2f77","7f271301-3983-4c6c-8547-8da30f3c4958"],"dependents":[],"parameterHints":{"workflowName":{"value":"fd2774c5-a3de-4c21-a27e-ac001393228a"},"ed8cdd85-09f4-4d17-9240-f744d130f8a4":{"value":"shared_sharepointonline"},"366be6f7-70c5-4b46-972c-16a0ccbe2f77":{"value":"shared_teams"},"7f271301-3983-4c6c-8547-8da30f3c4958":{"value":"shared_office365users"}},"isOnPremiseConnection":false,"bypassConsent":false,"dataSets":{},"apiTier":"Standard","isCustomApiConnection":false,"actions":["Run"]},"ed8cdd85-09f4-4d17-9240-f744d130f8a4":{"id":"9ec80985-b407-4efc-b206-940ba6151955","displayName":"SharePoint","iconUri":"https://connectoricons-prod.azureedge.net/releases/v1.0.1426/1.0.1426.2268/sharepointonline/icon.png","dataSources":[],"dependencies":[],"dependents":["481f0392-85ba-4f1c-9d69-f8377379faf6","83ac4c42-02eb-4127-86a9-c29602537f52","ff19c880-f30e-4ea6-94a6-ea8da4acec11"],"parameterHints":{},"isOnPremiseConnection":false,"bypassConsent":false,"dataSets":{},"apiTier":"Standard","isCustomApiConnection":false},"83ac4c42-02eb-4127-86a9-c29602537f52":{"id":"4e918aeb-6560-411e-ae64-89b87d2de62b","displayName":"Logic flows","iconUri":"https://resourcestackdeploy.blob.core.windows.net/scripts/13276078.png","dataSources":["Drop-InExtendFlow"],"dependencies":["ed8cdd85-09f4-4d17-9240-f744d130f8a4","366be6f7-70c5-4b46-972c-16a0ccbe2f77"],"dependents":[],"parameterHints":{"workflowName":{"value":"663bdb99-6e02-4b46-acfc-d282fcc3a07a"},"ed8cdd85-09f4-4d17-9240-f744d130f8a4":{"value":"shared_sharepointonline"},"366be6f7-70c5-4b46-972c-16a0ccbe2f77":{"value":"shared_teams"}},"isOnPremiseConnection":false,"bypassConsent":false,"dataSets":{},"apiTier":"Standard","isCustomApiConnection":false,"actions":["Run"]},"ff19c880-f30e-4ea6-94a6-ea8da4acec11":{"id":"4e918aeb-6560-411e-ae64-89b87d2de62b","displayName":"Logic flows","iconUri":"https://resourcestackdeploy.blob.core.windows.net/scripts/13276078.png","dataSources":["DropInFlow"],"dependencies":["366be6f7-70c5-4b46-972c-16a0ccbe2f77","81a920e5-7784-4b9a-a82a-bedd1aae3de1","ed8cdd85-09f4-4d17-9240-f744d130f8a4"],"dependents":[],"parameterHints":{"workflowName":{"value":"c1839949-7c7a-4e71-b9e1-22a77c2babb5"},"366be6f7-70c5-4b46-972c-16a0ccbe2f77":{"value":"shared_teams"},"81a920e5-7784-4b9a-a82a-bedd1aae3de1":{"value":"shared_office365users"},"ed8cdd85-09f4-4d17-9240-f744d130f8a4":{"value":"shared_sharepointonline"}},"isOnPremiseConnection":false,"bypassConsent":false,"dataSets":{},"apiTier":"Standard","isCustomApiConnection":false,"actions":["Run"]},"81a920e5-7784-4b9a-a82a-bedd1aae3de1":{"id":"fd9de6cc-b36e-45fa-8695-716748e03126","displayName":"Office 365 Users","iconUri":"https://connectoricons-prod.azureedge.net/releases/v1.0.1411/1.0.1411.2206/office365users/icon.png","dataSources":[],"dependencies":[],"dependents":["ff19c880-f30e-4ea6-94a6-ea8da4acec11"],"parameterHints":{},"isOnPremiseConnection":false,"bypassConsent":false,"dataSets":{},"apiTier":"Standard","isCustomApiConnection":false}},"databaseReferences":{},"almMode":"Environment","performanceOptimizationEnabled":true,"canConsumeAppPass":true,"executionRestrictions":{"isTeamsOnly":false,"dataLossPreventionEvaluationResult":{"status":"Compliant","lastEvaluationDate":"2020-12-28T14:29:39.354198Z","violationDetails":[]}}},"isAppComponentLibrary":false,"appType":"ClassicCanvasApp","appComponents":[]}}