{"name":"7c850783-a84b-4be6-bf9f-c1936121687a","id":"/providers/Microsoft.Flow/flows/7c850783-a84b-4be6-bf9f-c1936121687a","type":"Microsoft.Flow/flows","properties":{"apiId":"/providers/Microsoft.PowerApps/apis/shared_logicflows","displayName":"Drop-In Extend Flow","definition":{"metadata":{"workflowEntityId":null,"flowclientsuspensionreason":"None","flowclientsuspensiontime":null,"creator":{"id":"4a5e3786-b863-496f-9cfd-e44668a3d054","type":"User","tenantId":"406c04ec-ef38-41c6-96a1-8949545e836c"},"provisioningMethod":"FromDefinition","failureAlertSubscription":true,"clientLastModifiedTime":"2021-01-12T06:03:42.4234234Z"},"$schema":"https://schema.management.azure.com/providers/Microsoft.Logic/schemas/2016-06-01/workflowdefinition.json#","contentVersion":"1.0.0.0","parameters":{"$connections":{"defaultValue":{},"type":"Object"},"$authentication":{"defaultValue":{},"type":"SecureObject"}},"triggers":{"manual":{"type":"Request","kind":"PowerApp","inputs":{"schema":{"type":"object","properties":{"Getitem_Id":{"type":"integer","format":"int64","description":"Unique identifier of item to be retrieved","x-ms-powerflows-param-ispartial":false},"Initializevariable_Value":{"type":"string","description":"Enter initial value","x-ms-powerflows-param-ispartial":false},"Initializevariable2_Value":{"type":"string","description":"Enter initial value","x-ms-powerflows-param-ispartial":false},"Initializevariable3_Value":{"type":"string","description":"Enter initial value","x-ms-powerflows-param-ispartial":false},"Initializevariable4_Value":{"type":"string","description":"Enter initial value","x-ms-powerflows-param-ispartial":false},"Initializevariable5_Value":{"type":"string","description":"Enter initial value","x-ms-powerflows-param-ispartial":false},"Initializevariable6_Value":{"type":"string","description":"Enter initial value","x-ms-powerflows-param-ispartial":false},"Initializevariable7_Value":{"type":"string","description":"Enter initial value","x-ms-powerflows-param-ispartial":false},"Initializevariable8_Value":{"type":"string","description":"Enter initial value","x-ms-powerflows-param-ispartial":false},"Initializevariable9_Value":{"type":"string","description":"Enter initial value","x-ms-powerflows-param-ispartial":false},"Initializevariable10_Value":{"type":"string","description":"Enter initial value","x-ms-powerflows-param-ispartial":false}},"required":["Getitem_Id","Initializevariable_Value","Initializevariable2_Value","Initializevariable3_Value","Initializevariable4_Value","Initializevariable5_Value","Initializevariable6_Value","Initializevariable7_Value","Initializevariable8_Value","Initializevariable9_Value","Initializevariable10_Value"]}}}},"actions":{"Set_SPOSiteUrl":{"runAfter":{"Set_DropInAppUrl":["Succeeded"]},"type":"InitializeVariable","inputs":{"variables":[{"name":"SPOSiteUrl","type":"string","value":"https://m365edu748418.sharepoint.com/sites/Classroom_DropIn"}]},"description":"URL of SharePoint Site (must start with https, do note use a '/' at the end)"},"Get_item":{"runAfter":{"Initialize_variable_10":["Succeeded"]},"type":"OpenApiConnection","inputs":{"host":{"apiId":"/providers/Microsoft.PowerApps/apis/shared_sharepointonline","connectionName":"shared_sharepointonline","operationId":"GetItem"},"parameters":{"dataset":"@variables('SPOSiteUrl')","table":"Active","id":"@triggerBody()['Getitem_Id']"},"authentication":{"value":"@json(decodeBase64(triggerOutputs().headers['X-MS-APIM-Tokens']))['$ConnectionKey']","type":"Raw"}}},"Set_Client_Secret":{"runAfter":{},"type":"InitializeVariable","inputs":{"variables":[{"name":"ClientSecret","type":"string","value":".WG_Rg1258r3qIgv_qpd2~h8X~21B5lx72"}]},"description":"From Azure AD App Registration"},"Set_Application_ID":{"runAfter":{"Set_Client_Secret":["Succeeded"]},"type":"InitializeVariable","inputs":{"variables":[{"name":"ApplicationID","type":"string","value":"e032e65d-d807-4844-b310-80bbd05c7cf3"}]},"description":"From Azure AD App Registration"},"Set_Directory_ID":{"runAfter":{"Set_Application_ID":["Succeeded"]},"type":"InitializeVariable","inputs":{"variables":[{"name":"DirectoryID","type":"string","value":"406c04ec-ef38-41c6-96a1-8949545e836c"}]},"description":"From Azure AD App Registration"},"Set_DropInAppUrl":{"runAfter":{"Set_Directory_ID":["Succeeded"]},"type":"InitializeVariable","inputs":{"variables":[{"name":"DropInAppUrl","type":"string","value":"https://teams.microsoft.com/_#/apps/89939edd-400f-4bdb-ba3b-59cdc1f1b119/sections/b72a5a29-c3fe-43b3-a7f0-5fc40245a390"}]},"description":"Obtain by opening the PowerApp in Teams (using a web browser). Copy the URL."},"Create_extend_log_item_in_Log_list_(via_Graph_API)":{"runAfter":{"Get_item":["Succeeded"]},"type":"Http","inputs":{"method":"POST","uri":"https://graph.microsoft.com/v1.0/sites/@{variables('SPOSiteID')}/Lists/Log/Items","body":{"fields":{"Title":"@{GUID()}","TeamName":"@{outputs('Get_item')?['body/TeamName']}","TeamID":"@{outputs('Get_item')?['body/TeamID']}","RequestedBYUPN":"@{outputs('Get_item')?['body/RequestedBy/Email']}","DropInUserUPN":"@{outputs('Get_item')?['body/DropInUser/Email']}","Expiration":"@{outputs('Get_item')?['body/Expiration']}","Action":"Extend"}},"authentication":{"type":"ActiveDirectoryOAuth","authority":"https://login.microsoft.com","tenant":"@variables('DirectoryID')","audience":"https://graph.microsoft.com","clientId":"@variables('ApplicationID')","secret":"@variables('ClientSecret')"}},"description":"Uses Graph API since the \"Log\" list is only accessible to admins"},"Initialize_ForwardSlash_[do_not_modify]":{"runAfter":{"Set_TimeZone":["Succeeded"]},"type":"InitializeVariable","inputs":{"variables":[{"name":"ForwardSlash","type":"string","value":"/"}]},"description":"Required as slashes cannot be escaped in formulas (used to create SPOSiteID variable)"},"Initialize_SPOSiteID_[do_not_modify]":{"runAfter":{"Initialize_ForwardSlash_[do_not_modify]":["Succeeded"]},"type":"InitializeVariable","inputs":{"variables":[{"name":"SPOSiteID","type":"string","value":"@{concat(substring(substring(variables('SPOSiteUrl'), 8), 0, indexOf(substring(variables('SPOSiteUrl'), 8), variables('ForwardSlash'))), ':', substring(substring(variables('SPOSiteUrl'), 8), indexOf(substring(variables('SPOSiteUrl'), 8), variables('ForwardSlash'))), ':')}"}]},"description":"for Graph API calls"},"Set_TimeZone":{"runAfter":{"Set_SPOSiteUrl":["Succeeded"]},"type":"InitializeVariable","inputs":{"variables":[{"name":"TimeZone","type":"string","value":"India Standard Time"}]},"description":"Must match a \"Time zone name\" from the following list: https://msdn.microsoft.com/en-us/library/gg154758.aspx"},"Determine_if_Requester_and_Assignee_are_the_same_user":{"actions":{"Send_Extension_message":{"runAfter":{},"type":"OpenApiConnection","inputs":{"host":{"apiId":"/providers/Microsoft.PowerApps/apis/shared_teams","connectionName":"shared_teams","operationId":"PostUserAdaptiveCard"},"parameters":{"PostAdaptiveCardRequest/recipient/to":"@{outputs('Get_item')?['body/DropInUser/Email']};","PostAdaptiveCardRequest/messageBody":"{\n    \"type\": \"AdaptiveCard\",\n    \"body\": [\n        {\n            \"type\": \"TextBlock\",\n            \"size\": \"Medium\",\n            \"weight\": \"Bolder\",\n            \"text\": \"@{variables('HeaderText')}\"\n        },\n        {\n            \"type\": \"TextBlock\",\n            \"text\": \"@{variables('SelfNotification')}\",\n            \"wrap\": true\n        },\n        {\n            \"type\": \"FactSet\",\n            \"facts\": [\n                {\n                    \"title\": \"@{variables('TeamNameText')}\",\n                    \"value\": \"@{outputs('Get_item')?['body/TeamName']}\"\n                },\n                {\n                    \"title\": \"@{variables('EndTimetext')}\",\n                    \"value\": \"@{formatDateTime(convertFromUtc(outputs('Get_item')?['body/Expiration'], variables('TimeZone')),'g')}\"\n                }\n            ]\n        }\n    ],\n    \"actions\": [\n        {\n            \"type\": \"Action.OpenUrl\",\n            \"title\": \"@{variables('ButtonText2')} @{outputs('Get_item')?['body/TeamName']}\",\n            \"url\": \"@{outputs('Get_item')?['body/TeamUrl']}\"\n        },\n{\n            \"type\": \"Action.OpenUrl\",\n            \"title\": \"@{variables('ButtonText1')}\",\n            \"url\": \"@{variables('DropInAppUrl')}\"\n        }\n    ],\n    \"$schema\": \"http://adaptivecards.io/schemas/adaptive-card.json\",\n    \"version\": \"1.2\"\n}"},"authentication":{"value":"@json(decodeBase64(triggerOutputs().headers['X-MS-APIM-Tokens']))['$ConnectionKey']","type":"Raw"}}}},"runAfter":{"Create_extend_log_item_in_Log_list_(via_Graph_API)":["Succeeded"]},"else":{"actions":{"Send_Extension_message_to_Assignee":{"runAfter":{},"type":"OpenApiConnection","inputs":{"host":{"apiId":"/providers/Microsoft.PowerApps/apis/shared_teams","connectionName":"shared_teams","operationId":"PostUserAdaptiveCard"},"parameters":{"PostAdaptiveCardRequest/recipient/to":"@{outputs('Get_item')?['body/DropInUser/Email']};","PostAdaptiveCardRequest/messageBody":"{\n    \"type\": \"AdaptiveCard\",\n    \"body\": [\n        {\n            \"type\": \"TextBlock\",\n            \"size\": \"Medium\",\n            \"weight\": \"Bolder\",\n            \"text\": \"@{variables('HeaderText')}\"\n        },\n        {\n            \"type\": \"TextBlock\",\n            \"text\": \"@{variables('DropInUsernotification')}\",\n            \"wrap\": true\n        },\n        {\n            \"type\": \"FactSet\",\n            \"facts\": [\n                {\n                    \"title\": \"@{variables('TeamNameText')}\",\n                    \"value\": \"@{outputs('Get_item')?['body/TeamName']}\"\n                },\n                {\n                    \"title\": \"@{variables('EndTimetext')}\",\n                    \"value\": \"@{formatDateTime(convertFromUtc(outputs('Get_item')?['body/Expiration'], variables('TimeZone')),'g')}\"\n                }\n            ]\n        }\n    ],\n    \"actions\": [\n        {\n            \"type\": \"Action.OpenUrl\",\n            \"title\": \"@{variables('ButtonText2')} @{outputs('Get_item')?['body/TeamName']}\",\n            \"url\": \"@{outputs('Get_item')?['body/TeamUrl']}\"\n        }\n    ],\n    \"$schema\": \"http://adaptivecards.io/schemas/adaptive-card.json\",\n    \"version\": \"1.2\"\n}"},"authentication":{"value":"@json(decodeBase64(triggerOutputs().headers['X-MS-APIM-Tokens']))['$ConnectionKey']","type":"Raw"}}},"Send_Extension_message_to_Requester":{"runAfter":{"Send_Extension_message_to_Assignee":["Succeeded"]},"type":"OpenApiConnection","inputs":{"host":{"apiId":"/providers/Microsoft.PowerApps/apis/shared_teams","connectionName":"shared_teams","operationId":"PostUserAdaptiveCard"},"parameters":{"PostAdaptiveCardRequest/recipient/to":"@{outputs('Get_item')?['body/RequestedBy/Email']};","PostAdaptiveCardRequest/messageBody":"{\n    \"type\": \"AdaptiveCard\",\n    \"body\": [\n        {\n            \"type\": \"TextBlock\",\n            \"size\": \"Medium\",\n            \"weight\": \"Bolder\",\n            \"text\": \"Class Drop-In\"\n        },\n        {\n            \"type\": \"TextBlock\",\n            \"text\": \"@{variables('ConfirmationNotification1')} @{outputs('Get_item')?['body/DropInUser/DisplayName']} @{variables('ConfirmationNotification2')}\",\n            \"wrap\": true\n        },\n        {\n            \"type\": \"FactSet\",\n            \"facts\": [\n                {\n                    \"title\": \"@{variables('TeamNameText')}\",\n                    \"value\": \"@{outputs('Get_item')?['body/TeamName']}\"\n                },\n                {\n                    \"title\": \"@{variables('EndTimetext')}\",\n                    \"value\": \"@{formatDateTime(convertFromUtc(outputs('Get_item')?['body/Expiration'], variables('TimeZone')),'g')}\"\n                },\n                {\n                    \"title\": \"@{variables('DropInUserText')}\",\n                    \"value\": \"@{outputs('Get_item')?['body/DropInUser/DisplayName']}\"\n                }\n            ]\n        }\n    ],\n    \"actions\": [\n{\n            \"type\": \"Action.OpenUrl\",\n            \"title\": \"@{variables('ButtonText1')}\",\n            \"url\": \"@{variables('DropInAppUrl')}\"\n        }\n    ],\n    \"$schema\": \"http://adaptivecards.io/schemas/adaptive-card.json\",\n    \"version\": \"1.2\"\n}"},"authentication":{"value":"@json(decodeBase64(triggerOutputs().headers['X-MS-APIM-Tokens']))['$ConnectionKey']","type":"Raw"}}}}},"expression":{"equals":["@outputs('Get_item')?['body/RequestedBy/Email']","@outputs('Get_item')?['body/DropInUser/Email']"]},"type":"If"},"Initialize_variable":{"runAfter":{"Initialize_SPOSiteID_[do_not_modify]":["Succeeded"]},"type":"InitializeVariable","inputs":{"variables":[{"name":"SelfNotification","type":"string","value":"@{triggerBody()['Initializevariable_Value']}"}]}},"Initialize_variable_2":{"runAfter":{"Initialize_variable":["Succeeded"]},"type":"InitializeVariable","inputs":{"variables":[{"name":"DropInUsernotification","type":"string","value":"@{triggerBody()['Initializevariable2_Value']}"}]}},"Initialize_variable_3":{"runAfter":{"Initialize_variable_2":["Succeeded"]},"type":"InitializeVariable","inputs":{"variables":[{"name":"ConfirmationNotification1","type":"string","value":"@{triggerBody()['Initializevariable3_Value']}"}]}},"Initialize_variable_4":{"runAfter":{"Initialize_variable_3":["Succeeded"]},"type":"InitializeVariable","inputs":{"variables":[{"name":"ConfirmationNotification2","type":"string","value":"@{triggerBody()['Initializevariable4_Value']}"}]}},"Initialize_variable_5":{"runAfter":{"Initialize_variable_4":["Succeeded"]},"type":"InitializeVariable","inputs":{"variables":[{"name":"ButtonText1","type":"string","value":"@{triggerBody()['Initializevariable5_Value']}"}]}},"Initialize_variable_6":{"runAfter":{"Initialize_variable_5":["Succeeded"]},"type":"InitializeVariable","inputs":{"variables":[{"name":"ButtonText2","type":"string","value":"@{triggerBody()['Initializevariable6_Value']}"}]}},"Initialize_variable_7":{"runAfter":{"Initialize_variable_6":["Succeeded"]},"type":"InitializeVariable","inputs":{"variables":[{"name":"EndTimetext","type":"string","value":"@{triggerBody()['Initializevariable7_Value']}"}]}},"Initialize_variable_8":{"runAfter":{"Initialize_variable_7":["Succeeded"]},"type":"InitializeVariable","inputs":{"variables":[{"name":"TeamNameText","type":"string","value":"@{triggerBody()['Initializevariable8_Value']}"}]}},"Initialize_variable_9":{"runAfter":{"Initialize_variable_8":["Succeeded"]},"type":"InitializeVariable","inputs":{"variables":[{"name":"DropInUserText","type":"string","value":"@{triggerBody()['Initializevariable9_Value']}"}]}},"Initialize_variable_10":{"runAfter":{"Initialize_variable_9":["Succeeded"]},"type":"InitializeVariable","inputs":{"variables":[{"name":"HeaderText","type":"string","value":"@{triggerBody()['Initializevariable10_Value']}"}]}}}},"connectionReferences":{"shared_sharepointonline":{"connectionName":"0f09a3ba517340399bb1227e494a871f","source":"Invoker","id":"/providers/Microsoft.PowerApps/apis/shared_sharepointonline","tier":"NotSpecified"},"shared_teams":{"connectionName":"fd1a15884c574128a2de33071e0dbbc0","source":"Invoker","id":"/providers/Microsoft.PowerApps/apis/shared_teams","tier":"NotSpecified"}},"flowFailureAlertSubscribed":false}}