{"name":"dfb87720-7b3c-4ed3-a6cf-2b2568946743","id":"/providers/Microsoft.Flow/flows/dfb87720-7b3c-4ed3-a6cf-2b2568946743","type":"Microsoft.Flow/flows","properties":{"apiId":"/providers/Microsoft.PowerApps/apis/shared_logicflows","displayName":"Drop In Flow","definition":{"metadata":{"workflowEntityId":null,"flowclientsuspensionreason":"None","flowclientsuspensiontime":null,"creator":{"id":"4a5e3786-b863-496f-9cfd-e44668a3d054","type":"User","tenantId":"406c04ec-ef38-41c6-96a1-8949545e836c"},"provisioningMethod":"FromDefinition","failureAlertSubscription":true,"clientLastModifiedTime":"2021-01-12T11:36:23.5395498Z"},"$schema":"https://schema.management.azure.com/providers/Microsoft.Logic/schemas/2016-06-01/workflowdefinition.json#","contentVersion":"1.0.0.0","parameters":{"$connections":{"defaultValue":{},"type":"Object"},"$authentication":{"defaultValue":{},"type":"SecureObject"}},"triggers":{"manual":{"type":"Request","kind":"PowerApp","inputs":{"schema":{"type":"object","properties":{"InitializeExpiration[donotmodify]_Value":{"type":"string","description":"Enter initial value","x-ms-powerflows-param-ispartial":false},"InitializeTeamUPN[donotmodify]_Value":{"type":"string","description":"Enter initial value","x-ms-powerflows-param-ispartial":false},"InitializeUserUPN[donotmodify]_Value":{"type":"string","description":"Enter initial value","x-ms-powerflows-param-ispartial":false},"InitializeRequestedBy[donotmodify]_Value":{"type":"string","description":"Enter initial value","x-ms-powerflows-param-ispartial":false},"Initializevariable_Value":{"type":"string","description":"Enter initial value","x-ms-powerflows-param-ispartial":false},"IsCustom_Value":{"type":"boolean","description":"Enter initial value","x-ms-powerflows-param-ispartial":false},"DelayCount1_Value":{"type":"integer","description":"Enter initial value","x-ms-powerflows-param-ispartial":false},"Initializevariable2_Value":{"type":"string","description":"Enter initial value","x-ms-powerflows-param-ispartial":false},"Initializevariable3_Value":{"type":"string","description":"Enter initial value","x-ms-powerflows-param-ispartial":false},"Initializevariable4_Value":{"type":"string","description":"Enter initial value","x-ms-powerflows-param-ispartial":false},"Initializevariable5_Value":{"type":"string","description":"Enter initial value","x-ms-powerflows-param-ispartial":false},"Initializevariable6_Value":{"type":"string","description":"Enter initial value","x-ms-powerflows-param-ispartial":false},"Initializevariable7_Value":{"type":"string","description":"Enter initial value","x-ms-powerflows-param-ispartial":false},"Initializevariable8_Value":{"type":"string","description":"Enter initial value","x-ms-powerflows-param-ispartial":false},"Initializevariable9_Value":{"type":"string","description":"Enter initial value","x-ms-powerflows-param-ispartial":false},"Initializevariable10_Value":{"type":"string","description":"Enter initial value","x-ms-powerflows-param-ispartial":false},"Initializevariable11_Value":{"type":"string","description":"Enter initial value","x-ms-powerflows-param-ispartial":false},"Initializevariable12_Value":{"type":"string","description":"Enter initial value","x-ms-powerflows-param-ispartial":false},"Initializevariable13_Value":{"type":"string","description":"Enter initial value","x-ms-powerflows-param-ispartial":false},"Initializevariable14_Value":{"type":"string","description":"Enter initial value","x-ms-powerflows-param-ispartial":false},"Initializevariable15_Value":{"type":"string","description":"Enter initial value","x-ms-powerflows-param-ispartial":false},"Initializevariable16_Value":{"type":"string","description":"Enter initial value","x-ms-powerflows-param-ispartial":false},"Initializevariable17_Value":{"type":"any"}},"required":["InitializeExpiration[donotmodify]_Value","InitializeTeamUPN[donotmodify]_Value","InitializeUserUPN[donotmodify]_Value","InitializeRequestedBy[donotmodify]_Value","Initializevariable_Value","IsCustom_Value","DelayCount1_Value","Initializevariable2_Value","Initializevariable3_Value","Initializevariable4_Value","Initializevariable5_Value","Initializevariable6_Value","Initializevariable7_Value","Initializevariable8_Value","Initializevariable9_Value","Initializevariable10_Value","Initializevariable11_Value","Initializevariable12_Value","Initializevariable13_Value","Initializevariable14_Value","Initializevariable15_Value","Initializevariable16_Value","Initializevariable17_Value"]}}}},"actions":{"Set_Client_Secret":{"runAfter":{},"type":"InitializeVariable","inputs":{"variables":[{"name":"ClientSecret","type":"string","value":".WG_Rg1258r3qIgv_qpd2~h8X~21B5lx72"}]},"description":"From Azure AD App Registration"},"Set_Application_ID":{"runAfter":{"Set_Client_Secret":["Succeeded"]},"type":"InitializeVariable","inputs":{"variables":[{"name":"ApplicationID","type":"string","value":"e032e65d-d807-4844-b310-80bbd05c7cf3"}]},"description":"From Azure AD App Registration"},"Set_Directory_ID":{"runAfter":{"Set_Application_ID":["Succeeded"]},"type":"InitializeVariable","inputs":{"variables":[{"name":"DirectoryID","type":"string","value":"406c04ec-ef38-41c6-96a1-8949545e836c"}]},"description":"From Azure AD App Registration"},"Initialize_Expiration_[do_not_modify]":{"runAfter":{"Initialize_Initiation":["Succeeded"]},"type":"InitializeVariable","inputs":{"variables":[{"name":"Expiration","type":"string","value":"@{convertToUtc(triggerBody()['InitializeExpiration[donotmodify]_Value'],variables('TimeZone'))}"}]},"description":"Converts to UTC"},"Initialize_User_UPN_[do_not_modify]":{"runAfter":{"Initialize_Team_ID_[do_not_modify]":["Succeeded"]},"type":"InitializeVariable","inputs":{"variables":[{"name":"UserUPN","type":"string","value":"@{triggerBody()['InitializeUserUPN[donotmodify]_Value']}"}]}},"Initialize_Requested_By_[do_not_modify]":{"runAfter":{"Initialize_User_UPN_[do_not_modify]":["Succeeded"]},"type":"InitializeVariable","inputs":{"variables":[{"name":"RequestedBy","type":"string","value":"@{triggerBody()['InitializeRequestedBy[donotmodify]_Value']}"}]}},"Initialize_Team_ID_[do_not_modify]":{"runAfter":{"Initialize_Expiration_[do_not_modify]":["Succeeded"]},"type":"InitializeVariable","inputs":{"variables":[{"name":"TeamID","type":"string","value":"@{triggerBody()['InitializeTeamUPN[donotmodify]_Value']}"}]}},"Get_Assignee_Profile":{"runAfter":{"Parse_Team_Info":["Succeeded"]},"type":"OpenApiConnection","inputs":{"host":{"apiId":"/providers/Microsoft.PowerApps/apis/shared_office365users","connectionName":"shared_office365users","operationId":"UserProfile_V2"},"parameters":{"id":"@variables('UserUPN')"},"authentication":{"value":"@json(decodeBase64(triggerOutputs().headers['X-MS-APIM-Tokens']))['$ConnectionKey']","type":"Raw"}}},"Get_requester_profile":{"runAfter":{"Get_Assignee_Profile":["Succeeded"]},"type":"OpenApiConnection","inputs":{"host":{"apiId":"/providers/Microsoft.PowerApps/apis/shared_office365users","connectionName":"shared_office365users","operationId":"UserProfile_V2"},"parameters":{"id":"@variables('RequestedBy')"},"authentication":{"value":"@json(decodeBase64(triggerOutputs().headers['X-MS-APIM-Tokens']))['$ConnectionKey']","type":"Raw"}}},"Set_DropInAppUrl":{"runAfter":{"Set_Directory_ID":["Succeeded"]},"type":"InitializeVariable","inputs":{"variables":[{"name":"DropInAppUrl","type":"string","value":"https://teams.microsoft.com/_#/apps/89939edd-400f-4bdb-ba3b-59cdc1f1b119/sections/b72a5a29-c3fe-43b3-a7f0-5fc40245a390"}]},"description":"Obtain by opening the PowerApp in Teams (using a web browser). Copy the URL."},"Initialize_SPOSiteID_[do_not_modify]":{"runAfter":{"Initialize_ForwardSlash_[do_not_modify]":["Succeeded"]},"type":"InitializeVariable","inputs":{"variables":[{"name":"SPOSiteID","type":"string","value":"@{\r\nconcat(substring(substring(variables('SPOSiteUrl'),8),0,indexOf(substring(variables('SPOSiteUrl'),8),variables('ForwardSlash'))),':',substring(substring(variables('SPOSiteUrl'),8),indexOf(substring(variables('SPOSiteUrl'),8),variables('ForwardSlash'))),':')}"}]},"description":"for Graph API calls"},"Initialize_ForwardSlash_[do_not_modify]":{"runAfter":{"Initialize_Requested_By_[do_not_modify]":["Succeeded"]},"type":"InitializeVariable","inputs":{"variables":[{"name":"ForwardSlash","type":"string","value":"/"}]},"description":"Required as slashes cannot be escaped in formulas (used to create SPOSiteID variable)"},"If_TeamID_is_a_UPN,_convert_to_GUID":{"actions":{"Lookup_Group_by_UPN_(Graph_API)":{"runAfter":{},"type":"Http","inputs":{"method":"GET","uri":"https://graph.microsoft.com/v1.0/groups?$filter=startsWith(mail,'@{variables('TeamID')}')","authentication":{"type":"ActiveDirectoryOAuth","authority":"https://login.microsoft.com","tenant":"@variables('DirectoryID')","audience":"https://graph.microsoft.com","clientId":"@variables('ApplicationID')","secret":"@variables('ClientSecret')"}}},"Parse_Group_details":{"runAfter":{"Lookup_Group_by_UPN_(Graph_API)":["Succeeded"]},"type":"ParseJson","inputs":{"content":"@body('Lookup_Group_by_UPN_(Graph_API)')","schema":{"type":"object","properties":{"@@odata.context":{"type":"string"},"value":{"type":"array","items":{"type":"object","properties":{"id":{"type":"string"},"deletedDateTime":{},"classification":{},"createdDateTime":{"type":"string"},"creationOptions":{"type":"array","items":{"type":"string"}},"description":{"type":"string"},"displayName":{"type":"string"},"expirationDateTime":{},"groupTypes":{"type":"array","items":{"type":"string"}},"isAssignableToRole":{},"mail":{"type":"string"},"mailEnabled":{"type":"boolean"},"mailNickname":{"type":"string"},"membershipRule":{},"membershipRuleProcessingState":{},"onPremisesDomainName":{},"onPremisesLastSyncDateTime":{},"onPremisesNetBiosName":{},"onPremisesSamAccountName":{},"onPremisesSecurityIdentifier":{},"onPremisesSyncEnabled":{},"preferredDataLocation":{},"preferredLanguage":{},"proxyAddresses":{"type":"array","items":{"type":"string"}},"renewedDateTime":{"type":"string"},"resourceBehaviorOptions":{"type":"array","items":{"type":"string"}},"resourceProvisioningOptions":{"type":"array","items":{"type":"string"}},"securityEnabled":{"type":"boolean"},"securityIdentifier":{"type":"string"},"theme":{},"visibility":{"type":"string"},"extension_fe2174665583431c953114ff7268b7b3_Education_ObjectType":{"type":"string"},"onPremisesProvisioningErrors":{"type":"array"}},"required":["id"]}}}}}},"Loop_through_results":{"foreach":"@body('Parse_Group_details')?['value']","actions":{"Set_Team_ID":{"runAfter":{},"type":"SetVariable","inputs":{"name":"TeamID","value":"@items('Loop_through_results')?['id']"}}},"runAfter":{"Parse_Group_details":["Succeeded"]},"type":"Foreach","description":"There will only be one result, but a loop is required"}},"runAfter":{"Initialize_SPOListItemID":["Succeeded"]},"expression":{"contains":["@variables('TeamID')","."]},"type":"If","description":"If using UPNs for a TeamID (check by looking for a \".\"), we will lookup the GUID of the team using Graph API"},"Set_SPOSiteUrl":{"runAfter":{"Set_DropInAppUrl":["Succeeded"]},"type":"InitializeVariable","inputs":{"variables":[{"name":"SPOSiteUrl","type":"string","value":"https://m365edu748418.sharepoint.com/sites/Classroom_DropIn"}]},"description":"URL of SharePoint Site (must start with https, do note use a '/' at the end)"},"Initialize_UpdatedExpiration":{"runAfter":{"Initialize_PriorExpiration":["Succeeded"]},"type":"InitializeVariable","inputs":{"variables":[{"name":"UpdatedExpiration","type":"string"}]},"description":"Only used if expiration gets extended during the run of the flow"},"Initialize_PriorExpiration":{"runAfter":{"Initialize_ExistingPermissions_[do_not_modify]":["Succeeded"]},"type":"InitializeVariable","inputs":{"variables":[{"name":"PriorExpiration","type":"string"}]},"description":"Only used if expiration gets extended during the run of the flow"},"Initialize_ExistingPermissions_[do_not_modify]":{"runAfter":{"Initialize_SPOSiteID_[do_not_modify]":["Succeeded"]},"type":"InitializeVariable","inputs":{"variables":[{"name":"ExistingPermissions","type":"boolean","value":false}]}},"Check_for_existing_permissions":{"actions":{"Check_existing_permissions_for_Team_(Graph_API)":{"runAfter":{},"type":"Http","inputs":{"method":"GET","uri":"https://graph.microsoft.com/v1.0/teams/@{variables('TeamID')}/members","authentication":{"type":"ActiveDirectoryOAuth","authority":"https://login.microsoft.com","tenant":"@variables('DirectoryID')","audience":"https://graph.microsoft.com","clientId":"@variables('ApplicationID')","secret":"@variables('ClientSecret')"}},"description":"Starting a Drop In if one is already in progress will cause duplication issues. Starting a Drop In if the user already has permissions manually assigned will cause them to loose those permissions when the \"drop in\" expires"},"Parse_existing_permissions":{"runAfter":{"Check_existing_permissions_for_Team_(Graph_API)":["Succeeded"]},"type":"ParseJson","inputs":{"content":"@body('Check_existing_permissions_for_Team_(Graph_API)')","schema":{"type":"object","properties":{"@@odata.context":{"type":"string"},"@@odata.count":{"type":"integer"},"value":{"type":"array","items":{"type":"object","properties":{"@@odata.type":{"type":"string"},"id":{"type":"string"},"roles":{"type":"array"},"displayName":{"type":"string"},"userId":{"type":"string"},"email":{"type":"string"}},"required":["@@odata.type","id","roles","displayName","userId","email"]}}}}}},"Loop_through_existing_permissions":{"foreach":"@body('Parse_existing_permissions')?['value']","actions":{"If_a_match_is_found":{"actions":{"Set_variable_2":{"runAfter":{},"type":"SetVariable","inputs":{"name":"ExistingPermissions","value":true}}},"runAfter":{},"expression":{"equals":["","@outputs('Get_Assignee_Profile')?['body/id']"]},"type":"If"}},"runAfter":{"Parse_existing_permissions":["Succeeded"]},"type":"Foreach"},"If_existing_permissions":{"actions":{"Create_duplicatelog_item_in_Log_list_(via_Graph_API)":{"runAfter":{},"type":"Http","inputs":{"method":"POST","uri":"https://graph.microsoft.com/v1.0/sites/@{variables('SPOSiteID')}/Lists/Log/Items","body":{"fields":{"Title":"@{GUID()}","TeamName":"","TeamID":"@{variables('TeamID')}","RequestedByUPN":"@{variables('RequestedBy')}","DropInUserUPN":"@{variables('UserUPN')}","Expiration":"@{variables('Expiration')}","Action":"Error","ErrorData":"Permissions already exist"}},"authentication":{"type":"ActiveDirectoryOAuth","authority":"https://login.microsoft.com","tenant":"@variables('DirectoryID')","audience":"https://graph.microsoft.com","clientId":"@variables('ApplicationID')","secret":"@variables('ClientSecret')"}},"description":"Uses Graph API since the \"Log\" list is only accessible to admins"},"Send_requestor_duplicate_error_message":{"runAfter":{"Create_duplicatelog_item_in_Log_list_(via_Graph_API)":["Succeeded"]},"type":"OpenApiConnection","inputs":{"host":{"apiId":"/providers/Microsoft.PowerApps/apis/shared_teams","connectionName":"shared_teams","operationId":"PostUserAdaptiveCard"},"parameters":{"PostAdaptiveCardRequest/recipient/to":"@{variables('RequestedBy')};","PostAdaptiveCardRequest/messageBody":"{\n    \"type\": \"AdaptiveCard\",\n    \"body\": [\n        {\n            \"type\": \"TextBlock\",\n            \"size\": \"Medium\",\n            \"weight\": \"Bolder\",\n            \"text\": \"Class Drop-In\"\n        },\n        {\n            \"type\": \"TextBlock\",\n            \"text\": \"Hello @{outputs('Get_requester_profile')?['body/displayName']}, your request to setup the following drop in has failed. The specified user is already a member of the team. If they need to be 'promoted' to an owner, please remove them from the team first and try again.\",\n            \"wrap\": true\n        },\n        {\n            \"type\": \"FactSet\",\n            \"facts\": [\n                {\n                    \"title\": \"Team Name\",\n                    \"value\": \"@{body('Parse_Team_Info')?['displayName']}\"\n                },\n{\n                    \"title\": \"Drop In User\",\n                    \"value\": \"@{outputs('Get_Assignee_Profile')?['body/displayName']}\"\n                }\n            ]\n        }\n    ],\n    \"actions\": [\n        {\n            \"type\": \"Action.OpenUrl\",\n            \"title\": \"Open Drop In App\",\n            \"url\": \"@{variables('DropInAppUrl')}\"\n        }\n    ],\n    \"$schema\": \"http://adaptivecards.io/schemas/adaptive-card.json\",\n    \"version\": \"1.2\"\n}","PostAdaptiveCardRequest/messageTitle":"Drop In Error","PostAdaptiveCardRequest/recipient/summary":"Drop In to '' failed","PostAdaptiveCardRequest/recipient/isAlert":true},"authentication":{"value":"@json(decodeBase64(triggerOutputs().headers['X-MS-APIM-Tokens']))['$ConnectionKey']","type":"Raw"}}},"Terminate":{"runAfter":{"Send_requestor_duplicate_error_message":["Succeeded"]},"type":"Terminate","inputs":{"runStatus":"Cancelled"}}},"runAfter":{"Loop_through_existing_permissions":["Succeeded"]},"expression":{"equals":["@variables('ExistingPermissions')",true]},"type":"If"}},"runAfter":{"Get_requester_profile":["Succeeded"]},"type":"Scope","description":"Starting a Drop In if one is already in progress will cause duplication issues. Starting a Drop In if the user already has permissions manually assigned will cause them to loose those permissions when the \"drop in\" expires"},"Set_TimeZone":{"runAfter":{"Set_SPOSiteUrl":["Succeeded"]},"type":"InitializeVariable","inputs":{"variables":[{"name":"TimeZone","type":"string","value":"India Standard Time"}]},"description":"Must match a \"Time zone name\" from the following list: https://msdn.microsoft.com/en-us/library/gg154758.aspx"},"Initialize_TeamOriginaID":{"runAfter":{"Initialize_UpdatedExpiration":["Succeeded"]},"type":"InitializeVariable","inputs":{"variables":[{"name":"TeamOriginalID","type":"string","value":"@variables('TeamID')"}]}},"Get_Team_Info_(Graph_API)":{"runAfter":{"If_TeamID_is_a_UPN,_convert_to_GUID":["Succeeded"]},"type":"Http","inputs":{"method":"GET","uri":"https://graph.microsoft.com/v1.0/teams/@{variables('TeamID')}","authentication":{"type":"ActiveDirectoryOAuth","authority":"https://login.microsoft.com","tenant":"@variables('DirectoryID')","audience":"https://graph.microsoft.com","clientId":"@variables('ApplicationID')","secret":"@variables('ClientSecret')"}}},"Parse_Team_Info":{"runAfter":{"Get_Team_Info_(Graph_API)":["Succeeded"]},"type":"ParseJson","inputs":{"content":"@body('Get_Team_Info_(Graph_API)')","schema":{"type":"object","properties":{"@@odata.context":{"type":"string"},"id":{"type":"string"},"createdDateTime":{},"displayName":{"type":"string"},"description":{},"internalId":{"type":"string"},"classification":{},"specialization":{},"visibility":{},"webUrl":{"type":"string"},"isArchived":{"type":"boolean"},"isMembershipLimitedToOwners":{"type":"boolean"},"discoverySettings":{"type":"object","properties":{"showInTeamsSearchAndSuggestions":{"type":"boolean"}}},"memberSettings":{"type":"object","properties":{"allowCreateUpdateChannels":{"type":"boolean"},"allowCreatePrivateChannels":{"type":"boolean"},"allowDeleteChannels":{"type":"boolean"},"allowAddRemoveApps":{"type":"boolean"},"allowCreateUpdateRemoveTabs":{"type":"boolean"},"allowCreateUpdateRemoveConnectors":{"type":"boolean"}}},"guestSettings":{"type":"object","properties":{"allowCreateUpdateChannels":{"type":"boolean"},"allowDeleteChannels":{"type":"boolean"}}},"messagingSettings":{"type":"object","properties":{"allowUserEditMessages":{"type":"boolean"},"allowUserDeleteMessages":{"type":"boolean"},"allowOwnerDeleteMessages":{"type":"boolean"},"allowTeamMentions":{"type":"boolean"},"allowChannelMentions":{"type":"boolean"}}},"funSettings":{"type":"object","properties":{"allowGiphy":{"type":"boolean"},"giphyContentRating":{"type":"string"},"allowStickersAndMemes":{"type":"boolean"},"allowCustomMemes":{"type":"boolean"}}}}}}},"Initialize_SPOListItemID":{"runAfter":{"Initialize_TeamOriginaID":["Succeeded"]},"type":"InitializeVariable","inputs":{"variables":[{"name":"SPOListItemID","type":"integer"}]}},"Initialize_Initiation":{"runAfter":{"Initialize_variable":["Succeeded"]},"type":"InitializeVariable","inputs":{"variables":[{"name":"Initiation","type":"string","value":"@{convertToUtc(triggerBody()['Initializevariable_Value'],variables('TimeZone'))}"}]},"description":"Converts to UTC"},"Initialize_variable":{"runAfter":{"Set_TimeZone":["Succeeded"]},"type":"InitializeVariable","inputs":{"variables":[{"name":"Initial","type":"string","value":"@{triggerBody()['Initializevariable_Value']}"}]}},"Delay_Count_1":{"runAfter":{"Check_for_existing_permissions":["Succeeded"]},"type":"InitializeVariable","inputs":{"variables":[{"name":"DelayCount","type":"integer","value":"@triggerBody()['DelayCount1_Value']"}]}},"Is_Custom":{"runAfter":{"Delay_Count_1":["Succeeded"]},"type":"InitializeVariable","inputs":{"variables":[{"name":"IsCustom","type":"boolean","value":"@triggerBody()['IsCustom_Value']"}]}},"Condition":{"actions":{"Post_your_own_adaptive_card_as_the_Flow_bot_to_a_user":{"runAfter":{},"type":"OpenApiConnection","inputs":{"host":{"apiId":"/providers/Microsoft.PowerApps/apis/shared_teams","connectionName":"shared_teams","operationId":"PostUserAdaptiveCard"},"parameters":{"PostAdaptiveCardRequest/recipient/to":"@{variables('UserUPN')};","PostAdaptiveCardRequest/messageBody":"{\n    \"type\": \"AdaptiveCard\",\n    \"body\": [\n        {\n            \"type\": \"TextBlock\",\n            \"size\": \"Medium\",\n            \"weight\": \"Bolder\",\n            \"text\": \"@{variables('HeaderText')}\"\n        },\n        {\n            \"type\": \"TextBlock\",\n            \"text\": \"@{variables('DropInUserNotification')}\",\n            \"wrap\": true\n        },\n        {\n            \"type\": \"FactSet\",\n            \"facts\": [\n                {\n                    \"title\": \"@{variables('TeamNameText')}\",\n                    \"value\": \"@{body('Parse_Team_Info')?['displayName']}\"\n                },\n                {\n                 \"title\": \"@{variables('StartTimeText')}\",\n                  \"value\": \"@{formatDateTime(convertFromUtc(variables('Initiation'),variables('TimeZone')),'g')}\"\n                },\n                {\n                    \"title\": \"@{variables('EndTimeText')}\",\n                    \"value\": \"@{formatDateTime(convertFromUtc(variables('Expiration'),variables('TimeZone')),'g')}\"\n                }\n            ]\n        }\n    ],\n    \"$schema\": \"http://adaptivecards.io/schemas/adaptive-card.json\",\n    \"version\": \"1.2\"\n      }"},"authentication":{"value":"@json(decodeBase64(triggerOutputs().headers['X-MS-APIM-Tokens']))['$ConnectionKey']","type":"Raw"}}},"Delay":{"runAfter":{"Post_your_own_adaptive_card_as_the_Flow_bot_to_a_user":["Succeeded"]},"type":"Wait","inputs":{"interval":{"count":"@variables('DelayCount')","unit":"Minute"}}}},"runAfter":{"Initialize_variable_16":["Succeeded"]},"expression":{"equals":["@variables('IsCustom')",true]},"type":"If"},"Initialize_variable_2":{"runAfter":{"Is_Owner":["Succeeded"]},"type":"InitializeVariable","inputs":{"variables":[{"name":"SelfNotification","type":"string","value":"@{triggerBody()['Initializevariable2_Value']}"}]}},"Initialize_variable_3":{"runAfter":{"Initialize_variable_2":["Succeeded"]},"type":"InitializeVariable","inputs":{"variables":[{"name":"DropInUserNotification","type":"string","value":"@{triggerBody()['Initializevariable3_Value']}"}]}},"Initialize_variable_4":{"runAfter":{"Initialize_variable_3":["Succeeded"]},"type":"InitializeVariable","inputs":{"variables":[{"name":"ConfirmationNotification1","type":"string","value":"@{triggerBody()['Initializevariable4_Value']}"}]}},"Initialize_variable_5":{"runAfter":{"Initialize_variable_4":["Succeeded"]},"type":"InitializeVariable","inputs":{"variables":[{"name":"ConfirmationNotification2","type":"string","value":"@{triggerBody()['Initializevariable5_Value']}"}]}},"Initialize_variable_6":{"runAfter":{"Initialize_variable_5":["Succeeded"]},"type":"InitializeVariable","inputs":{"variables":[{"name":"FailureNotification","type":"string","value":"@{triggerBody()['Initializevariable6_Value']}"}]}},"Initialize_variable_7":{"runAfter":{"Initialize_variable_6":["Succeeded"]},"type":"InitializeVariable","inputs":{"variables":[{"name":"15MinPriorNotification","type":"string","value":"@{triggerBody()['Initializevariable7_Value']}"}]}},"Initialize_variable_8":{"runAfter":{"Initialize_variable_7":["Succeeded"]},"type":"InitializeVariable","inputs":{"variables":[{"name":"EndNotification","type":"string","value":"@{triggerBody()['Initializevariable8_Value']}"}]}},"Initialize_variable_9":{"runAfter":{"Initialize_variable_8":["Succeeded"]},"type":"InitializeVariable","inputs":{"variables":[{"name":"StartTimeText","type":"string","value":"@{triggerBody()['Initializevariable9_Value']}"}]}},"Initialize_variable_10":{"runAfter":{"Initialize_variable_9":["Succeeded"]},"type":"InitializeVariable","inputs":{"variables":[{"name":"EndTimeText","type":"string","value":"@{triggerBody()['Initializevariable10_Value']}"}]}},"Initialize_variable_11":{"runAfter":{"Initialize_variable_10":["Succeeded"]},"type":"InitializeVariable","inputs":{"variables":[{"name":"TeamNameText","type":"string","value":"@{triggerBody()['Initializevariable11_Value']}"}]}},"Initialize_variable_12":{"runAfter":{"Initialize_variable_11":["Succeeded"]},"type":"InitializeVariable","inputs":{"variables":[{"name":"DropInUserText","type":"string","value":"@{triggerBody()['Initializevariable12_Value']}"}]}},"Initialize_variable_13":{"runAfter":{"Initialize_variable_12":["Succeeded"]},"type":"InitializeVariable","inputs":{"variables":[{"name":"HeaderText","type":"string","value":"@{triggerBody()['Initializevariable13_Value']}"}]}},"Initialize_variable_14":{"runAfter":{"Initialize_variable_13":["Succeeded"]},"type":"InitializeVariable","inputs":{"variables":[{"name":"ButtonText1","type":"string","value":"@{triggerBody()['Initializevariable14_Value']}"}]}},"Initialize_variable_15":{"runAfter":{"Initialize_variable_14":["Succeeded"]},"type":"InitializeVariable","inputs":{"variables":[{"name":"ButtonText2","type":"string","value":"@{triggerBody()['Initializevariable15_Value']}"}]}},"Initialize_variable_16":{"runAfter":{"Initialize_variable_15":["Succeeded"]},"type":"InitializeVariable","inputs":{"variables":[{"name":"ButtonText3","type":"string","value":"@{triggerBody()['Initializevariable16_Value']}"}]}},"Is_Owner":{"runAfter":{"Is_Custom":["Succeeded"]},"type":"InitializeVariable","inputs":{"variables":[{"name":"IsOwner","type":"boolean","value":"@bool(triggerBody()['Initializevariable17_Value'])"}]}},"Condition_2":{"actions":{"Add_Assignee_as_Owner_to_Team_(Graph_API)_2":{"runAfter":{},"type":"Http","inputs":{"method":"POST","uri":"https://graph.microsoft.com/v1.0/teams/@{variables('TeamID')}/members","body":{"@@odata.type":"#microsoft.graph.aadUserConversationMember","roles":["owner"],"user@odata.bind":"https://graph.microsoft.com/v1.0/users/@{outputs('Get_Assignee_Profile')?['body/id']}"},"authentication":{"type":"ActiveDirectoryOAuth","authority":"https://login.microsoft.com","tenant":"@variables('DirectoryID')","audience":"https://graph.microsoft.com","clientId":"@variables('ApplicationID')","secret":"@variables('ClientSecret')"}}},"Verify_if_successful_2":{"actions":{"Determine_if_Requester_and_Assignee_are_the_same_user_2":{"actions":{"Send_confirmation_message_2":{"runAfter":{},"type":"OpenApiConnection","inputs":{"host":{"apiId":"/providers/Microsoft.PowerApps/apis/shared_teams","connectionName":"shared_teams","operationId":"PostUserAdaptiveCard"},"parameters":{"PostAdaptiveCardRequest/recipient/to":"@{variables('UserUPN')};","PostAdaptiveCardRequest/messageBody":"{\n    \"type\": \"AdaptiveCard\",\n    \"body\": [\n        {\n            \"type\": \"TextBlock\",\n            \"size\": \"Medium\",\n            \"weight\": \"Bolder\",\n            \"text\": \"@{variables('HeaderText')}\"\n        },\n        {\n            \"type\": \"TextBlock\",\n            \"text\": \"@{variables('SelfNotification')}\",\n            \"wrap\": true\n        },\n        {\n            \"type\": \"FactSet\",\n            \"facts\": [\n                {\n                    \"title\": \"@{variables('TeamNameText')}\",\n                    \"value\": \"@{body('Parse_Team_Info')?['displayName']}\"\n                },\n             {\n               \"title\":\"@{variables('StartTimeText')}\",\n               \"value\": \"@{formatDateTime(convertFromUtc(variables('Initiation'), variables('TimeZone')), 'g')}\"\n             },\n                {\n                    \"title\": \"@{variables('EndTimeText')}\",\n                    \"value\": \"@{formatDateTime(convertFromUtc(variables('Expiration'), variables('TimeZone')), 'g')}\"\n                }\n            ]\n        }\n    ],\n    \"actions\": [\n        {\n            \"type\": \"Action.OpenUrl\",\n            \"title\": \"@{variables('ButtonText2')} @{body('Parse_Team_Info')?['displayName']}\",\n            \"url\": \"@{body('Parse_Team_Info')?['webUrl']}\"\n        },\n{\n            \"type\": \"Action.OpenUrl\",\n            \"title\": \"@{variables('ButtonText1')}\",\n            \"url\": \"@{variables('DropInAppUrl')}\"\n        }\n    ],\n    \"$schema\": \"http://adaptivecards.io/schemas/adaptive-card.json\",\n    \"version\": \"1.2\"\n}"},"authentication":{"value":"@json(decodeBase64(triggerOutputs().headers['X-MS-APIM-Tokens']))['$ConnectionKey']","type":"Raw"}}},"Do_until_3":{"actions":{"Set_UpdatedExpiration_3":{"runAfter":{"Check_for_updated_expiration_time_3":["Succeeded"]},"type":"SetVariable","inputs":{"name":"UpdatedExpiration","value":"@outputs('Check_for_updated_expiration_time_3')?['body/Expiration']"}},"Check_for_updated_expiration_time_3":{"runAfter":{"Delay_until_3":["Succeeded"]},"type":"OpenApiConnection","inputs":{"host":{"apiId":"/providers/Microsoft.PowerApps/apis/shared_sharepointonline","connectionName":"shared_sharepointonline","operationId":"GetItem"},"parameters":{"dataset":"https://m365edu748418.sharepoint.com/sites/Classroom_DropIn","table":"c66072b5-953c-453e-8bd3-10d281910b3e","id":"@variables('SPOListItemID')"},"authentication":{"value":"@json(decodeBase64(triggerOutputs().headers['X-MS-APIM-Tokens']))['$ConnectionKey']","type":"Raw"}},"description":"If Drop In was cancelled, this step will error out (by design)"},"Set_PriorExpiration_3":{"runAfter":{},"type":"SetVariable","inputs":{"name":"PriorExpiration","value":"@variables('UpdatedExpiration')"}},"If_expiration_is_imminent_3":{"actions":{"Send_15_minute_warning_3":{"runAfter":{},"type":"OpenApiConnection","inputs":{"host":{"apiId":"/providers/Microsoft.PowerApps/apis/shared_teams","connectionName":"shared_teams","operationId":"PostUserAdaptiveCard"},"parameters":{"PostAdaptiveCardRequest/recipient/to":"@{variables('UserUPN')};","PostAdaptiveCardRequest/messageBody":"{\n    \"type\": \"AdaptiveCard\",\n    \"body\": [\n        {\n            \"type\": \"TextBlock\",\n            \"size\": \"Medium\",\n            \"weight\": \"Bolder\",\n            \"text\": \"@{variables('HeaderText')}\"\n        },\n        {\n            \"type\": \"TextBlock\",\n            \"text\": \"@{variables('15MinPriorNotification')}\",\n            \"wrap\": true\n        },\n        {\n            \"type\": \"FactSet\",\n            \"facts\": [\n                {\n                    \"title\": \"@{variables('TeamNameText')}\",\n                    \"value\": \"@{body('Parse_Team_Info')?['displayName']}\"\n                },\n               {\n                \"title\": \"@{variables('StartTimeText')}\",\n               \"value\": \"@{formatDateTime(convertFromUtc(variables('Initiation'), variables('TimeZone')), 'g')}\"\n                },\n                {\n                    \"title\": \"@{variables('EndTimeText')}\",\n                    \"value\": \"@{formatDateTime(convertFromUtc(variables('UpdatedExpiration'), variables('TimeZone')), 'g')}\"\n                }\n            ]\n        }\n    ],\n    \"actions\": [\n        {\n            \"type\": \"Action.OpenUrl\",\n            \"title\": \"@{variables('ButtonText2')} @{body('Parse_Team_Info')?['displayName']}\",\n            \"url\": \"@{body('Parse_Team_Info')?['webUrl']}\"\n        },\n{\n            \"type\": \"Action.OpenUrl\",\n            \"title\": \"@{variables('ButtonText1')}\",\n            \"url\": \"@{variables('DropInAppUrl')}\"\n        }\n    ],\n    \"$schema\": \"http://adaptivecards.io/schemas/adaptive-card.json\",\n    \"version\": \"1.2\"\n}"},"authentication":{"value":"@json(decodeBase64(triggerOutputs().headers['X-MS-APIM-Tokens']))['$ConnectionKey']","type":"Raw"}}},"Wait_15_minutes_3":{"runAfter":{"Send_15_minute_warning_3":["Succeeded"]},"type":"Wait","inputs":{"interval":{"count":15,"unit":"Minute"}}},"Check_for_updated_expiration_time_(last_minute)_3":{"runAfter":{"Wait_15_minutes_3":["Succeeded"]},"type":"OpenApiConnection","inputs":{"host":{"apiId":"/providers/Microsoft.PowerApps/apis/shared_sharepointonline","connectionName":"shared_sharepointonline","operationId":"GetItem"},"parameters":{"dataset":"https://m365edu748418.sharepoint.com/sites/Classroom_DropIn","table":"c66072b5-953c-453e-8bd3-10d281910b3e","id":"@variables('SPOListItemID')"},"authentication":{"value":"@json(decodeBase64(triggerOutputs().headers['X-MS-APIM-Tokens']))['$ConnectionKey']","type":"Raw"}}},"If_there_was_a_last_minute_expiration_change_3":{"actions":{"Set_UpdatedExpiration_(last_minute)_3":{"runAfter":{},"type":"SetVariable","inputs":{"name":"UpdatedExpiration","value":"@outputs('Check_for_updated_expiration_time_(last_minute)_3')?['body/Expiration']"}}},"runAfter":{"Check_for_updated_expiration_time_(last_minute)_3":["Succeeded"]},"else":{"actions":{"Remove_Team_Membership_(Graph_API)_3":{"runAfter":{},"type":"Http","inputs":{"method":"DELETE","uri":"https://graph.microsoft.com/v1.0/teams/@{variables('TeamID')}/members/@{body('Parse_results_of_adding_Owner_2')?['id']}","authentication":{"type":"ActiveDirectoryOAuth","authority":"https://login.microsoft.com","tenant":"@variables('DirectoryID')","audience":"https://graph.microsoft.com","clientId":"@variables('ApplicationID')","secret":"@variables('ClientSecret')"}}},"Create_end_log_item_in_Log_list_(via_Graph_API)_3":{"runAfter":{"Remove_Team_Membership_(Graph_API)_3":["Succeeded"]},"type":"Http","inputs":{"method":"POST","uri":"https://graph.microsoft.com/v1.0/sites/@{variables('SPOSiteID')}/Lists/Log/Items","body":{"fields":{"Title":"@{GUID()}","TeamName":"@{body('Parse_Team_Info')?['displayName']}","TeamID":"@{variables('TeamID')}","RequestedBYUPN":"@{variables('RequestedBy')}","DropInUserUPN":"@{variables('UserUPN')}","Expiration":"@{variables('UpdatedExpiration')}","Action":"End"}},"authentication":{"type":"ActiveDirectoryOAuth","authority":"https://login.microsoft.com","tenant":"@variables('DirectoryID')","audience":"https://graph.microsoft.com","clientId":"@variables('ApplicationID')","secret":"@variables('ClientSecret')"}},"description":"Uses Graph API since the \"Log\" list is only accessible to admins"},"Send_end_notification_3":{"runAfter":{"Create_end_log_item_in_Log_list_(via_Graph_API)_3":["Succeeded"]},"type":"OpenApiConnection","inputs":{"host":{"apiId":"/providers/Microsoft.PowerApps/apis/shared_teams","connectionName":"shared_teams","operationId":"PostUserAdaptiveCard"},"parameters":{"PostAdaptiveCardRequest/recipient/to":"@{variables('UserUPN')};","PostAdaptiveCardRequest/messageBody":"{\n    \"type\": \"AdaptiveCard\",\n    \"body\": [\n        {\n            \"type\": \"TextBlock\",\n            \"size\": \"Medium\",\n            \"weight\": \"Bolder\",\n            \"text\": \"@{variables('HeaderText')}\"\n        },\n        {\n            \"type\": \"TextBlock\",\n            \"text\": \"@{variables('EndNotification')}\",\n            \"wrap\": true\n        },\n        {\n            \"type\": \"FactSet\",\n            \"facts\": [\n                {\n                    \"title\": \"@{variables('TeamNameText')}\",\n                    \"value\": \"@{body('Parse_Team_Info')?['displayName']}\"\n                },\n                {\n               \"title\": \"@{variables('StartTimeText')}\",\n               \"value\": \"@{formatDateTime(convertFromUtc(variables('Initiation'), variables('TimeZone')), 'g')}\"\n                },\n                {\n                    \"title\": \"@{variables('EndTimeText')}\",\n                    \"value\": \"@{formatDateTime(convertFromUtc(variables('UpdatedExpiration'), variables('TimeZone')), 'g')}\"\n                }\n            ]\n        }\n    ],\n    \"actions\": [\n{\n            \"type\": \"Action.OpenUrl\",\n            \"title\": \"@{variables('ButtonText1')}\",\n            \"url\": \"@{variables('DropInAppUrl')}\"\n        }\n    ],\n    \"$schema\": \"http://adaptivecards.io/schemas/adaptive-card.json\",\n    \"version\": \"1.2\"\n}"},"authentication":{"value":"@json(decodeBase64(triggerOutputs().headers['X-MS-APIM-Tokens']))['$ConnectionKey']","type":"Raw"}}},"End_Loop_3":{"runAfter":{"Delete_item_in_Active_list_3":["Succeeded"]},"type":"SetVariable","inputs":{"name":"PriorExpiration","value":"@variables('UpdatedExpiration')"}},"Delete_item_in_Active_list_3":{"runAfter":{"Send_end_notification_3":["Succeeded"]},"type":"OpenApiConnection","inputs":{"host":{"apiId":"/providers/Microsoft.PowerApps/apis/shared_sharepointonline","connectionName":"shared_sharepointonline","operationId":"DeleteItem"},"parameters":{"dataset":"https://m365edu748418.sharepoint.com/sites/Classroom_DropIn","table":"c66072b5-953c-453e-8bd3-10d281910b3e","id":"@variables('SPOListItemID')"},"authentication":{"value":"@json(decodeBase64(triggerOutputs().headers['X-MS-APIM-Tokens']))['$ConnectionKey']","type":"Raw"}}}}},"expression":{"not":{"equals":["@variables('UpdatedExpiration')","@outputs('Check_for_updated_expiration_time_(last_minute)_3')?['body/Expiration']"]}},"type":"If"}},"runAfter":{"Set_UpdatedExpiration_3":["Succeeded"]},"expression":{"equals":["@variables('UpdatedExpiration')","@variables('PriorExpiration')"]},"type":"If"},"Delay_until_3":{"runAfter":{"Set_PriorExpiration_3":["Succeeded"]},"type":"Wait","inputs":{"until":{"timestamp":"@{addMinutes(variables('UpdatedExpiration'), -15)}"}}}},"runAfter":{"Send_confirmation_message_2":["Succeeded"]},"expression":"@equals(variables('UpdatedExpiration'), variables('PriorExpiration'))","limit":{"count":60,"timeout":"PT720H"},"type":"Until"}},"runAfter":{"Create_start_log_item_in_Log_list_(via_Graph_API)_2":["Succeeded"]},"else":{"actions":{"Send_assignee_confirmation_message_2":{"runAfter":{},"type":"OpenApiConnection","inputs":{"host":{"apiId":"/providers/Microsoft.PowerApps/apis/shared_teams","connectionName":"shared_teams","operationId":"PostUserAdaptiveCard"},"parameters":{"PostAdaptiveCardRequest/recipient/to":"@{variables('UserUPN')};","PostAdaptiveCardRequest/messageBody":"{\n    \"type\": \"AdaptiveCard\",\n    \"body\": [\n        {\n            \"type\": \"TextBlock\",\n            \"size\": \"Medium\",\n            \"weight\": \"Bolder\",\n            \"text\": \"@{variables('HeaderText')}\"\n        },\n        {\n            \"type\": \"TextBlock\",\n            \"text\": \"@{variables('DropInUserNotification')}\",\n            \"wrap\": true\n        },\n        {\n            \"type\": \"FactSet\",\n            \"facts\": [\n                {\n                    \"title\": \"@{variables('TeamNameText')}\",\n                    \"value\": \"@{body('Parse_Team_Info')?['displayName']}\"\n                },\n                {\n                 \"title\": \"@{variables('StartTimeText')}\",\n                  \"value\": \"@{formatDateTime(convertFromUtc(variables('Initiation'), variables('TimeZone')), 'g')}\"\n                },\n                {\n                    \"title\": \"@{variables('EndTimeText')}\",\n                    \"value\": \"@{formatDateTime(convertFromUtc(variables('Expiration'), variables('TimeZone')), 'g')}\"\n                }\n            ]\n        }\n    ],\n    \"actions\": [\n        {\n            \"type\": \"Action.OpenUrl\",\n            \"title\": \"@{variables('ButtonText2')} @{body('Parse_Team_Info')?['displayName']}\",\n            \"url\": \"@{body('Parse_Team_Info')?['webUrl']}\"\n        },\n        {\n            \"type\": \"Action.OpenUrl\",\n            \"title\": \"@{variables('ButtonText3')} @{outputs('Get_requester_profile')?['body/displayName']}\",\n            \"url\": \"https://teams.microsoft.com/l/chat/0/0?users=@{outputs('Get_requester_profile')?['body/userPrincipalName']}\"\n        }\n    ],\n    \"$schema\": \"http://adaptivecards.io/schemas/adaptive-card.json\",\n    \"version\": \"1.2\"\n}"},"authentication":{"value":"@json(decodeBase64(triggerOutputs().headers['X-MS-APIM-Tokens']))['$ConnectionKey']","type":"Raw"}}},"Send_requestor_confirmation_message_2":{"runAfter":{"Send_assignee_confirmation_message_2":["Succeeded"]},"type":"OpenApiConnection","inputs":{"host":{"apiId":"/providers/Microsoft.PowerApps/apis/shared_teams","connectionName":"shared_teams","operationId":"PostUserAdaptiveCard"},"parameters":{"PostAdaptiveCardRequest/recipient/to":"@{variables('RequestedBy')};","PostAdaptiveCardRequest/messageBody":"{\n    \"type\": \"AdaptiveCard\",\n    \"body\": [\n        {\n            \"type\": \"TextBlock\",\n            \"size\": \"Medium\",\n            \"weight\": \"Bolder\",\n            \"text\": \"@{variables('HeaderText')}\"\n        },\n        {\n            \"type\": \"TextBlock\",\n            \"text\": \"@{variables('ConfirmationNotification1')} @{outputs('Get_Assignee_Profile')?['body/displayName']} @{variables('ConfirmationNotification2')}\",\n            \"wrap\": true\n        },\n        {\n            \"type\": \"FactSet\",\n            \"facts\": [\n                {\n                    \"title\": \"@{variables('TeamNameText')}\",\n                    \"value\": \"@{body('Parse_Team_Info')?['displayName']}\"\n                },\n             {\n               \"title\": \"@{variables('StartTimeText')}\",\n               \"value\": \"@{formatDateTime(convertFromUtc(variables('Initiation'), variables('TimeZone')), 'g')}\"\n               },\n                {\n                    \"title\": \"@{variables('EndTimeText')}\",\n                    \"value\": \"@{formatDateTime(convertFromUtc(variables('Expiration'), variables('TimeZone')), 'g')}\"\n                },\n                {\n                    \"title\": \"@{variables('DropInUserText')}\",\n                    \"value\": \"@{outputs('Get_Assignee_Profile')?['body/displayName']}\"\n                }\n            ]\n        }\n    ],\n    \"actions\": [\n        {\n            \"type\": \"Action.OpenUrl\",\n            \"title\": \"@{variables('ButtonText1')}\",\n            \"url\": \"@{variables('DropInAppUrl')}\"\n        },\n        {\n            \"type\": \"Action.OpenUrl\",\n            \"title\": \"Message @{outputs('Get_Assignee_Profile')?['body/displayName']}\",\n            \"url\": \"https://teams.microsoft.com/l/chat/0/0?users=@{variables('UserUPN')}\"\n        }\n    ],\n    \"$schema\": \"http://adaptivecards.io/schemas/adaptive-card.json\",\n    \"version\": \"1.2\"\n}"},"authentication":{"value":"@json(decodeBase64(triggerOutputs().headers['X-MS-APIM-Tokens']))['$ConnectionKey']","type":"Raw"}}},"Do_until_4":{"actions":{"Set_UpdatedExpiration_4":{"runAfter":{"Check_for_updated_expiration_time_4":["Succeeded"]},"type":"SetVariable","inputs":{"name":"UpdatedExpiration","value":"@outputs('Check_for_updated_expiration_time_4')?['body/Expiration']"}},"Check_for_updated_expiration_time_4":{"runAfter":{"Delay_until_4":["Succeeded"]},"type":"OpenApiConnection","inputs":{"host":{"apiId":"/providers/Microsoft.PowerApps/apis/shared_sharepointonline","connectionName":"shared_sharepointonline","operationId":"GetItem"},"parameters":{"dataset":"https://m365edu748418.sharepoint.com/sites/Classroom_DropIn","table":"c66072b5-953c-453e-8bd3-10d281910b3e","id":"@variables('SPOListItemID')"},"authentication":{"value":"@json(decodeBase64(triggerOutputs().headers['X-MS-APIM-Tokens']))['$ConnectionKey']","type":"Raw"}},"description":"If Drop In was cancelled, this step will error out (by design)"},"Set_PriorExpiration_4":{"runAfter":{},"type":"SetVariable","inputs":{"name":"PriorExpiration","value":"@variables('UpdatedExpiration')"}},"If_expiration_is_imminent_4":{"actions":{"Send_15_minute_warning_4":{"runAfter":{},"type":"OpenApiConnection","inputs":{"host":{"apiId":"/providers/Microsoft.PowerApps/apis/shared_teams","connectionName":"shared_teams","operationId":"PostUserAdaptiveCard"},"parameters":{"PostAdaptiveCardRequest/recipient/to":"@{variables('UserUPN')};","PostAdaptiveCardRequest/messageBody":"{\n    \"type\": \"AdaptiveCard\",\n    \"body\": [\n        {\n            \"type\": \"TextBlock\",\n            \"size\": \"Medium\",\n            \"weight\": \"Bolder\",\n            \"text\": \"@{variables('HeaderText')}\"\n        },\n        {\n            \"type\": \"TextBlock\",\n            \"text\": \"@{variables('15MinPriorNotification')}\",\n            \"wrap\": true\n        },\n        {\n            \"type\": \"FactSet\",\n            \"facts\": [\n                {\n                    \"title\": \"@{variables('TeamNameText')}\",\n                    \"value\": \"@{body('Parse_Team_Info')?['displayName']}\"\n                },\n               {\n                 \"title\": \"@{variables('StartTimeText')}\",\n              \"value\": \"@{formatDateTime(convertFromUtc(variables('Initiation'), variables('TimeZone')), 'g')}\"\n                },\n                {\n                    \"title\": \"@{variables('EndTimeText')}\",\n                    \"value\": \"@{formatDateTime(convertFromUtc(variables('UpdatedExpiration'), variables('TimeZone')), 'g')}\"\n                }\n            ]\n        }\n    ],\n    \"actions\": [\n        {\n            \"type\": \"Action.OpenUrl\",\n            \"title\": \"@{variables('ButtonText2')} @{body('Parse_Team_Info')?['displayName']}\",\n            \"url\": \"@{body('Parse_Team_Info')?['webUrl']}\"\n        },\n        {\n            \"type\": \"Action.OpenUrl\",\n            \"title\": \"Message @{outputs('Get_requester_profile')?['body/displayName']}\",\n            \"url\": \"https://teams.microsoft.com/l/chat/0/0?users=@{outputs('Get_requester_profile')?['body/userPrincipalName']}\"\n        }\n    ],\n    \"$schema\": \"http://adaptivecards.io/schemas/adaptive-card.json\",\n    \"version\": \"1.2\"\n}"},"authentication":{"value":"@json(decodeBase64(triggerOutputs().headers['X-MS-APIM-Tokens']))['$ConnectionKey']","type":"Raw"}}},"Wait_15_minutes_4":{"runAfter":{"Send_15_minute_warning_4":["Succeeded"]},"type":"Wait","inputs":{"interval":{"count":15,"unit":"Minute"}}},"Check_for_updated_expiration_time_(last_minute)_4":{"runAfter":{"Wait_15_minutes_4":["Succeeded"]},"type":"OpenApiConnection","inputs":{"host":{"apiId":"/providers/Microsoft.PowerApps/apis/shared_sharepointonline","connectionName":"shared_sharepointonline","operationId":"GetItem"},"parameters":{"dataset":"https://m365edu748418.sharepoint.com/sites/Classroom_DropIn","table":"c66072b5-953c-453e-8bd3-10d281910b3e","id":"@variables('SPOListItemID')"},"authentication":{"value":"@json(decodeBase64(triggerOutputs().headers['X-MS-APIM-Tokens']))['$ConnectionKey']","type":"Raw"}}},"If_there_was_a_last_minute_expiration_change_4":{"actions":{"Set_UpdatedExpiration_(last_minute)_4":{"runAfter":{},"type":"SetVariable","inputs":{"name":"UpdatedExpiration","value":"@outputs('Check_for_updated_expiration_time_(last_minute)_4')?['body/Expiration']"}}},"runAfter":{"Check_for_updated_expiration_time_(last_minute)_4":["Succeeded"]},"else":{"actions":{"Remove_Team_Membership_(Graph_API)_4":{"runAfter":{},"type":"Http","inputs":{"method":"DELETE","uri":"https://graph.microsoft.com/v1.0/teams/@{variables('TeamID')}/members/@{body('Parse_results_of_adding_Owner_2')?['id']}","authentication":{"type":"ActiveDirectoryOAuth","authority":"https://login.microsoft.com","tenant":"@variables('DirectoryID')","audience":"https://graph.microsoft.com","clientId":"@variables('ApplicationID')","secret":"@variables('ClientSecret')"}}},"Create_end_log_item_in_Log_list_(via_Graph_API)_4":{"runAfter":{"Remove_Team_Membership_(Graph_API)_4":["Succeeded"]},"type":"Http","inputs":{"method":"POST","uri":"https://graph.microsoft.com/v1.0/sites/@{variables('SPOSiteID')}/Lists/Log/Items","body":{"fields":{"Title":"@{GUID()}","TeamName":"","TeamID":"@{variables('TeamID')}","DropInUserUPN":"@{variables('UserUPN')}","Expiration":"@{variables('UpdatedExpiration')}","Action":"End","RequestedBYUPN":"@{variables('RequestedBy')}"}},"authentication":{"type":"ActiveDirectoryOAuth","authority":"https://login.microsoft.com","tenant":"@variables('DirectoryID')","audience":"https://graph.microsoft.com","clientId":"@variables('ApplicationID')","secret":"@variables('ClientSecret')"}},"description":"Uses Graph API since the \"Log\" list is only accessible to admins"},"Send_end_notification_4":{"runAfter":{"Create_end_log_item_in_Log_list_(via_Graph_API)_4":["Succeeded"]},"type":"OpenApiConnection","inputs":{"host":{"apiId":"/providers/Microsoft.PowerApps/apis/shared_teams","connectionName":"shared_teams","operationId":"PostUserAdaptiveCard"},"parameters":{"PostAdaptiveCardRequest/recipient/to":"@{variables('UserUPN')};","PostAdaptiveCardRequest/messageBody":"{\n    \"type\": \"AdaptiveCard\",\n    \"body\": [\n        {\n            \"type\": \"TextBlock\",\n            \"size\": \"Medium\",\n            \"weight\": \"Bolder\",\n            \"text\": \"@{variables('HeaderText')}\"\n        },\n        {\n            \"type\": \"TextBlock\",\n            \"text\": \"@{variables('EndNotification')}\",\n            \"wrap\": true\n        },\n        {\n            \"type\": \"FactSet\",\n            \"facts\": [\n                {\n                    \"title\": \"@{variables('TeamNameText')}\",\n                    \"value\": \"@{body('Parse_Team_Info')?['displayName']}\"\n                },\n                {\n                 \"title\": \"@{variables('StartTimeText')}\",\n                 \"value\": \"@{formatDateTime(convertFromUtc(variables('Initiation'), variables('TimeZone')), 'g')}\"\n                 },\n                {\n                    \"title\": \"@{variables('EndTimeText')}\",\n                    \"value\": \"@{formatDateTime(convertFromUtc(variables('UpdatedExpiration'), variables('TimeZone')), 'g')}\"\n                }\n            ]\n        }\n    ],\n    \"$schema\": \"http://adaptivecards.io/schemas/adaptive-card.json\",\n    \"version\": \"1.2\"\n}"},"authentication":{"value":"@json(decodeBase64(triggerOutputs().headers['X-MS-APIM-Tokens']))['$ConnectionKey']","type":"Raw"}}},"End_Loop_4":{"runAfter":{"Delete_item_in_Active_list_4":["Succeeded"]},"type":"SetVariable","inputs":{"name":"PriorExpiration","value":"@variables('UpdatedExpiration')"}},"Delete_item_in_Active_list_4":{"runAfter":{"Send_end_notification_4":["Succeeded"]},"type":"OpenApiConnection","inputs":{"host":{"apiId":"/providers/Microsoft.PowerApps/apis/shared_sharepointonline","connectionName":"shared_sharepointonline","operationId":"DeleteItem"},"parameters":{"dataset":"https://m365edu748418.sharepoint.com/sites/Classroom_DropIn","table":"c66072b5-953c-453e-8bd3-10d281910b3e","id":"@variables('SPOListItemID')"},"authentication":{"value":"@json(decodeBase64(triggerOutputs().headers['X-MS-APIM-Tokens']))['$ConnectionKey']","type":"Raw"}}}}},"expression":{"not":{"equals":["@variables('UpdatedExpiration')","@outputs('Check_for_updated_expiration_time_(last_minute)_4')?['body/Expiration']"]}},"type":"If"}},"runAfter":{"Set_UpdatedExpiration_4":["Succeeded"]},"expression":{"equals":["@variables('UpdatedExpiration')","@variables('PriorExpiration')"]},"type":"If"},"Delay_until_4":{"runAfter":{"Set_PriorExpiration_4":["Succeeded"]},"type":"Wait","inputs":{"until":{"timestamp":"@{addMinutes(variables('UpdatedExpiration'), -15)}"}}}},"runAfter":{"Send_requestor_confirmation_message_2":["Succeeded"]},"expression":"@equals(variables('UpdatedExpiration'), variables('PriorExpiration'))","limit":{"count":60,"timeout":"PT720H"},"type":"Until"}}},"expression":{"equals":["@outputs('Get_requester_profile')?['body/id']","@outputs('Get_Assignee_Profile')?['body/id']"]},"type":"If"},"Create_start_log_item_in_Log_list_(via_Graph_API)_2":{"runAfter":{"Setup_UpdatedExpiration_2":["Succeeded"]},"type":"Http","inputs":{"method":"POST","uri":"https://graph.microsoft.com/v1.0/sites/@{variables('SPOSiteID')}/Lists/Log/Items","body":{"fields":{"Title":"@{GUID()}","TeamName":"@{body('Parse_Team_Info')?['displayName']}","TeamID":"@{variables('TeamID')}","RequestedBYUPN":"@{variables('RequestedBy')}","DropInUserUPN":"@{variables('UserUPN')}","Expiration":"@{variables('Expiration')}","Action":"Start"}},"authentication":{"type":"ActiveDirectoryOAuth","authority":"https://login.microsoft.com","tenant":"@variables('DirectoryID')","audience":"https://graph.microsoft.com","clientId":"@variables('ApplicationID')","secret":"@variables('ClientSecret')"}},"description":"Uses Graph API since the \"Log\" list is only accessible to admins"},"Parse_results_of_adding_Owner_2":{"runAfter":{},"type":"ParseJson","inputs":{"content":"@body('Add_Assignee_as_Owner_to_Team_(Graph_API)_2')","schema":{"type":"object","properties":{"@@odata.context":{"type":"string"},"@@odata.type":{"type":"string"},"id":{"type":"string"},"roles":{"type":"array","items":{"type":"string"}},"displayName":{"type":"string"},"userId":{"type":"string"},"email":{"type":"string"}}}}},"Set_SPOListItemID_2":{"runAfter":{"Create_item_2":["Succeeded"]},"type":"SetVariable","inputs":{"name":"SPOListItemID","value":"@outputs('Create_item_2')?['body/ID']"}},"Setup_UpdatedExpiration_2":{"runAfter":{"Set_SPOListItemID_2":["Succeeded"]},"type":"SetVariable","inputs":{"name":"UpdatedExpiration","value":"@outputs('Create_item_2')?['body/Expiration']"},"description":"Necessary for loop below"},"Create_item_2":{"runAfter":{"Parse_results_of_adding_Owner_2":["Succeeded"]},"type":"OpenApiConnection","inputs":{"host":{"apiId":"/providers/Microsoft.PowerApps/apis/shared_sharepointonline","connectionName":"shared_sharepointonline","operationId":"PostItem"},"parameters":{"dataset":"https://m365edu748418.sharepoint.com/sites/Classroom_DropIn","table":"c66072b5-953c-453e-8bd3-10d281910b3e","item/Title":"@body('Parse_results_of_adding_Owner_2')?['id']","item/TeamName":"@body('Parse_Team_Info')?['displayName']","item/TeamID":"@variables('TeamID')","item/RequestedBy/Claims":"@variables('RequestedBy')","item/DropInUser/Claims":"@variables('UserUPN')","item/Expiration":"@variables('Expiration')","item/TeamOriginalID":"@variables('TeamOriginalID')","item/TeamUrl":"@body('Parse_Team_Info')?['webUrl']","item/StartTime":"@variables('Initiation')","item/IsOwner":true},"authentication":{"value":"@json(decodeBase64(triggerOutputs().headers['X-MS-APIM-Tokens']))['$ConnectionKey']","type":"Raw"}}}},"runAfter":{"Add_Assignee_as_Owner_to_Team_(Graph_API)_2":["Succeeded"]},"else":{"actions":{"Send_requestor_failure_message_2":{"runAfter":{},"type":"OpenApiConnection","inputs":{"host":{"apiId":"/providers/Microsoft.PowerApps/apis/shared_teams","connectionName":"shared_teams","operationId":"PostUserAdaptiveCard"},"parameters":{"PostAdaptiveCardRequest/recipient/to":"@{variables('RequestedBy')};","PostAdaptiveCardRequest/messageBody":"{\n    \"type\": \"AdaptiveCard\",\n    \"body\": [\n        {\n            \"type\": \"TextBlock\",\n            \"size\": \"Medium\",\n            \"weight\": \"Bolder\",\n            \"text\": \"@{variables('HeaderText')}\"\n        },\n        {\n            \"type\": \"TextBlock\",\n            \"text\": \"@{variables('FailureNotification')}\",\n            \"wrap\": true\n        },\n        {\n            \"type\": \"FactSet\",\n            \"facts\": [\n                {\n                    \"title\": \"@{variables('TeamNameText')}\",\n                    \"value\": \"@{body('Parse_Team_Info')?['displayName']}\"\n                },\n{\n                    \"title\": \"@{variables('DropInUserText')}\",\n                    \"value\": \"@{outputs('Get_Assignee_Profile')?['body/displayName']}\"\n                }\n            ]\n        }\n    ],\n    \"actions\": [\n        {\n            \"type\": \"Action.OpenUrl\",\n            \"title\": \"@{variables('ButtonText1')}\",\n            \"url\": \"@{variables('DropInAppUrl')}\"\n        }\n    ],\n    \"$schema\": \"http://adaptivecards.io/schemas/adaptive-card.json\",\n    \"version\": \"1.2\"\n}","PostAdaptiveCardRequest/recipient/isAlert":true},"authentication":{"value":"@json(decodeBase64(triggerOutputs().headers['X-MS-APIM-Tokens']))['$ConnectionKey']","type":"Raw"}}},"Create_failure_log_item_in_Log_list_(via_Graph_API)_2":{"runAfter":{"Send_requestor_failure_message_2":["Succeeded"]},"type":"Http","inputs":{"method":"POST","uri":"https://graph.microsoft.com/v1.0/sites/@{variables('SPOSiteID')}/Lists/Log/Items","body":{"fields":{"Title":"@{GUID()}","TeamName":"@{body('Parse_Team_Info')?['displayName']}","TeamID":"@{variables('TeamID')}","RequestedBYUPN":"@{variables('RequestedBy')}","DropInUserUPN":"@{variables('UserUPN')}","Expiration":"@{variables('Expiration')}","Action":"Error","ErrorData":"@{body('Add_Assignee_as_Owner_to_Team_(Graph_API)_2')}"}},"authentication":{"type":"ActiveDirectoryOAuth","authority":"https://login.microsoft.com","tenant":"@variables('DirectoryID')","audience":"https://graph.microsoft.com","clientId":"@variables('ApplicationID')","secret":"@variables('ClientSecret')"}},"description":"Uses Graph API since the \"Log\" list is only accessible to admins"},"Terminate__2":{"runAfter":{"Create_failure_log_item_in_Log_list_(via_Graph_API)_2":["Succeeded"]},"type":"Terminate","inputs":{"runStatus":"Cancelled"}}}},"expression":{"equals":["@outputs('Add_Assignee_as_Owner_to_Team_(Graph_API)_2')['statusCode']",201]},"type":"If"}},"runAfter":{"Condition":["Succeeded"]},"else":{"actions":{"Verify_if_successful_3":{"actions":{"Determine_if_Requester_and_Assignee_are_the_same_user_3":{"actions":{"Send_confirmation_message_3":{"runAfter":{},"type":"OpenApiConnection","inputs":{"host":{"apiId":"/providers/Microsoft.PowerApps/apis/shared_teams","connectionName":"shared_teams","operationId":"PostUserAdaptiveCard"},"parameters":{"PostAdaptiveCardRequest/recipient/to":"@{variables('UserUPN')};","PostAdaptiveCardRequest/messageBody":"{\n    \"type\": \"AdaptiveCard\",\n    \"body\": [\n        {\n            \"type\": \"TextBlock\",\n            \"size\": \"Medium\",\n            \"weight\": \"Bolder\",\n            \"text\": \"@{variables('HeaderText')}\"\n        },\n        {\n            \"type\": \"TextBlock\",\n            \"text\": \"@{variables('SelfNotification')}\",\n            \"wrap\": true\n        },\n        {\n            \"type\": \"FactSet\",\n            \"facts\": [\n                {\n                    \"title\": \"@{variables('TeamNameText')}\",\n                    \"value\": \"@{body('Parse_Team_Info')?['displayName']}\"\n                },\n             {\n               \"title\":\"@{variables('StartTimeText')}\",\n               \"value\": \"@{formatDateTime(convertFromUtc(variables('Initiation'), variables('TimeZone')), 'g')}\"\n             },\n                {\n                    \"title\": \"@{variables('EndTimeText')}\",\n                    \"value\": \"@{formatDateTime(convertFromUtc(variables('Expiration'), variables('TimeZone')), 'g')}\"\n                }\n            ]\n        }\n    ],\n    \"actions\": [\n        {\n            \"type\": \"Action.OpenUrl\",\n            \"title\": \"@{variables('ButtonText2')} @{body('Parse_Team_Info')?['displayName']}\",\n            \"url\": \"@{body('Parse_Team_Info')?['webUrl']}\"\n        },\n{\n            \"type\": \"Action.OpenUrl\",\n            \"title\": \"@{variables('ButtonText1')}\",\n            \"url\": \"@{variables('DropInAppUrl')}\"\n        }\n    ],\n    \"$schema\": \"http://adaptivecards.io/schemas/adaptive-card.json\",\n    \"version\": \"1.2\"\n}"},"authentication":{"value":"@json(decodeBase64(triggerOutputs().headers['X-MS-APIM-Tokens']))['$ConnectionKey']","type":"Raw"}}},"Do_until_5":{"actions":{"Set_UpdatedExpiration_5":{"runAfter":{"Check_for_updated_expiration_time_5":["Succeeded"]},"type":"SetVariable","inputs":{"name":"UpdatedExpiration","value":"@outputs('Check_for_updated_expiration_time_5')?['body/Expiration']"}},"Check_for_updated_expiration_time_5":{"runAfter":{"Delay_until_5":["Succeeded"]},"type":"OpenApiConnection","inputs":{"host":{"apiId":"/providers/Microsoft.PowerApps/apis/shared_sharepointonline","connectionName":"shared_sharepointonline","operationId":"GetItem"},"parameters":{"dataset":"https://m365edu748418.sharepoint.com/sites/Classroom_DropIn","table":"c66072b5-953c-453e-8bd3-10d281910b3e","id":"@variables('SPOListItemID')"},"authentication":{"value":"@json(decodeBase64(triggerOutputs().headers['X-MS-APIM-Tokens']))['$ConnectionKey']","type":"Raw"}},"description":"If Drop In was cancelled, this step will error out (by design)"},"Set_PriorExpiration_5":{"runAfter":{},"type":"SetVariable","inputs":{"name":"PriorExpiration","value":"@variables('UpdatedExpiration')"}},"If_expiration_is_imminent_5":{"actions":{"Send_15_minute_warning_5":{"runAfter":{},"type":"OpenApiConnection","inputs":{"host":{"apiId":"/providers/Microsoft.PowerApps/apis/shared_teams","connectionName":"shared_teams","operationId":"PostUserAdaptiveCard"},"parameters":{"PostAdaptiveCardRequest/recipient/to":"@{variables('UserUPN')};","PostAdaptiveCardRequest/messageBody":"{\n    \"type\": \"AdaptiveCard\",\n    \"body\": [\n        {\n            \"type\": \"TextBlock\",\n            \"size\": \"Medium\",\n            \"weight\": \"Bolder\",\n            \"text\": \"@{variables('HeaderText')}\"\n        },\n        {\n            \"type\": \"TextBlock\",\n            \"text\": \"@{variables('15MinPriorNotification')}\",\n            \"wrap\": true\n        },\n        {\n            \"type\": \"FactSet\",\n            \"facts\": [\n                {\n                    \"title\": \"@{variables('TeamNameText')}\",\n                    \"value\": \"@{body('Parse_Team_Info')?['displayName']}\"\n                },\n               {\n                \"title\": \"@{variables('StartTimeText')}\",\n               \"value\": \"@{formatDateTime(convertFromUtc(variables('Initiation'), variables('TimeZone')), 'g')}\"\n                },\n                {\n                    \"title\": \"@{variables('EndTimeText')}\",\n                    \"value\": \"@{formatDateTime(convertFromUtc(variables('UpdatedExpiration'), variables('TimeZone')), 'g')}\"\n                }\n            ]\n        }\n    ],\n    \"actions\": [\n        {\n            \"type\": \"Action.OpenUrl\",\n            \"title\": \"@{variables('ButtonText2')} @{body('Parse_Team_Info')?['displayName']}\",\n            \"url\": \"@{body('Parse_Team_Info')?['webUrl']}\"\n        },\n{\n            \"type\": \"Action.OpenUrl\",\n            \"title\": \"@{variables('ButtonText1')}\",\n            \"url\": \"@{variables('DropInAppUrl')}\"\n        }\n    ],\n    \"$schema\": \"http://adaptivecards.io/schemas/adaptive-card.json\",\n    \"version\": \"1.2\"\n}"},"authentication":{"value":"@json(decodeBase64(triggerOutputs().headers['X-MS-APIM-Tokens']))['$ConnectionKey']","type":"Raw"}}},"Wait_15_minutes_5":{"runAfter":{"Send_15_minute_warning_5":["Succeeded"]},"type":"Wait","inputs":{"interval":{"count":15,"unit":"Minute"}}},"Check_for_updated_expiration_time_(last_minute)_5":{"runAfter":{"Wait_15_minutes_5":["Succeeded"]},"type":"OpenApiConnection","inputs":{"host":{"apiId":"/providers/Microsoft.PowerApps/apis/shared_sharepointonline","connectionName":"shared_sharepointonline","operationId":"GetItem"},"parameters":{"dataset":"https://m365edu748418.sharepoint.com/sites/Classroom_DropIn","table":"c66072b5-953c-453e-8bd3-10d281910b3e","id":"@variables('SPOListItemID')"},"authentication":{"value":"@json(decodeBase64(triggerOutputs().headers['X-MS-APIM-Tokens']))['$ConnectionKey']","type":"Raw"}}},"If_there_was_a_last_minute_expiration_change_5":{"actions":{"Set_UpdatedExpiration_(last_minute)_5":{"runAfter":{},"type":"SetVariable","inputs":{"name":"UpdatedExpiration","value":"@outputs('Check_for_updated_expiration_time_(last_minute)_5')?['body/Expiration']"}}},"runAfter":{"Check_for_updated_expiration_time_(last_minute)_5":["Succeeded"]},"else":{"actions":{"Remove_Team_Membership_(Graph_API)_5":{"runAfter":{},"type":"Http","inputs":{"method":"DELETE","uri":"https://graph.microsoft.com/v1.0/teams/@{variables('TeamID')}/members/@{body('Parse_results_of_adding_Owner_3')?['id']}","authentication":{"type":"ActiveDirectoryOAuth","authority":"https://login.microsoft.com","tenant":"@variables('DirectoryID')","audience":"https://graph.microsoft.com","clientId":"@variables('ApplicationID')","secret":"@variables('ClientSecret')"}}},"Create_end_log_item_in_Log_list_(via_Graph_API)_5":{"runAfter":{"Remove_Team_Membership_(Graph_API)_5":["Succeeded"]},"type":"Http","inputs":{"method":"POST","uri":"https://graph.microsoft.com/v1.0/sites/@{variables('SPOSiteID')}/Lists/Log/Items","body":{"fields":{"Title":"@{GUID()}","TeamName":"@{body('Parse_Team_Info')?['displayName']}","TeamID":"@{variables('TeamID')}","RequestedBYUPN":"@{variables('RequestedBy')}","DropInUserUPN":"@{variables('UserUPN')}","Expiration":"@{variables('UpdatedExpiration')}","Action":"End"}},"authentication":{"type":"ActiveDirectoryOAuth","authority":"https://login.microsoft.com","tenant":"@variables('DirectoryID')","audience":"https://graph.microsoft.com","clientId":"@variables('ApplicationID')","secret":"@variables('ClientSecret')"}},"description":"Uses Graph API since the \"Log\" list is only accessible to admins"},"Send_end_notification_5":{"runAfter":{"Create_end_log_item_in_Log_list_(via_Graph_API)_5":["Succeeded"]},"type":"OpenApiConnection","inputs":{"host":{"apiId":"/providers/Microsoft.PowerApps/apis/shared_teams","connectionName":"shared_teams","operationId":"PostUserAdaptiveCard"},"parameters":{"PostAdaptiveCardRequest/recipient/to":"@{variables('UserUPN')};","PostAdaptiveCardRequest/messageBody":"{\n    \"type\": \"AdaptiveCard\",\n    \"body\": [\n        {\n            \"type\": \"TextBlock\",\n            \"size\": \"Medium\",\n            \"weight\": \"Bolder\",\n            \"text\": \"@{variables('HeaderText')}\"\n        },\n        {\n            \"type\": \"TextBlock\",\n            \"text\": \"@{variables('EndNotification')}\",\n            \"wrap\": true\n        },\n        {\n            \"type\": \"FactSet\",\n            \"facts\": [\n                {\n                    \"title\": \"@{variables('TeamNameText')}\",\n                    \"value\": \"@{body('Parse_Team_Info')?['displayName']}\"\n                },\n                {\n               \"title\": \"@{variables('StartTimeText')}\",\n               \"value\": \"@{formatDateTime(convertFromUtc(variables('Initiation'), variables('TimeZone')), 'g')}\"\n                },\n                {\n                    \"title\": \"@{variables('EndTimeText')}\",\n                    \"value\": \"@{formatDateTime(convertFromUtc(variables('UpdatedExpiration'), variables('TimeZone')), 'g')}\"\n                }\n            ]\n        }\n    ],\n    \"actions\": [\n{\n            \"type\": \"Action.OpenUrl\",\n            \"title\": \"@{variables('ButtonText1')}\",\n            \"url\": \"@{variables('DropInAppUrl')}\"\n        }\n    ],\n    \"$schema\": \"http://adaptivecards.io/schemas/adaptive-card.json\",\n    \"version\": \"1.2\"\n}"},"authentication":{"value":"@json(decodeBase64(triggerOutputs().headers['X-MS-APIM-Tokens']))['$ConnectionKey']","type":"Raw"}}},"End_Loop_5":{"runAfter":{"Delete_item_in_Active_list_5":["Succeeded"]},"type":"SetVariable","inputs":{"name":"PriorExpiration","value":"@variables('UpdatedExpiration')"}},"Delete_item_in_Active_list_5":{"runAfter":{"Send_end_notification_5":["Succeeded"]},"type":"OpenApiConnection","inputs":{"host":{"apiId":"/providers/Microsoft.PowerApps/apis/shared_sharepointonline","connectionName":"shared_sharepointonline","operationId":"DeleteItem"},"parameters":{"dataset":"https://m365edu748418.sharepoint.com/sites/Classroom_DropIn","table":"c66072b5-953c-453e-8bd3-10d281910b3e","id":"@variables('SPOListItemID')"},"authentication":{"value":"@json(decodeBase64(triggerOutputs().headers['X-MS-APIM-Tokens']))['$ConnectionKey']","type":"Raw"}}}}},"expression":{"not":{"equals":["@variables('UpdatedExpiration')","@outputs('Check_for_updated_expiration_time_(last_minute)_5')?['body/Expiration']"]}},"type":"If"}},"runAfter":{"Set_UpdatedExpiration_5":["Succeeded"]},"expression":{"equals":["@variables('UpdatedExpiration')","@variables('PriorExpiration')"]},"type":"If"},"Delay_until_5":{"runAfter":{"Set_PriorExpiration_5":["Succeeded"]},"type":"Wait","inputs":{"until":{"timestamp":"@{addMinutes(variables('UpdatedExpiration'), -15)}"}}}},"runAfter":{"Send_confirmation_message_3":["Succeeded"]},"expression":"@equals(variables('UpdatedExpiration'), variables('PriorExpiration'))","limit":{"count":60,"timeout":"PT720H"},"type":"Until"}},"runAfter":{"Create_start_log_item_in_Log_list_(via_Graph_API)_3":["Succeeded"]},"else":{"actions":{"Send_assignee_confirmation_message_3":{"runAfter":{},"type":"OpenApiConnection","inputs":{"host":{"apiId":"/providers/Microsoft.PowerApps/apis/shared_teams","connectionName":"shared_teams","operationId":"PostUserAdaptiveCard"},"parameters":{"PostAdaptiveCardRequest/recipient/to":"@{variables('UserUPN')};","PostAdaptiveCardRequest/messageBody":"{\n    \"type\": \"AdaptiveCard\",\n    \"body\": [\n        {\n            \"type\": \"TextBlock\",\n            \"size\": \"Medium\",\n            \"weight\": \"Bolder\",\n            \"text\": \"@{variables('HeaderText')}\"\n        },\n        {\n            \"type\": \"TextBlock\",\n            \"text\": \"@{variables('DropInUserNotification')}\",\n            \"wrap\": true\n        },\n        {\n            \"type\": \"FactSet\",\n            \"facts\": [\n                {\n                    \"title\": \"@{variables('TeamNameText')}\",\n                    \"value\": \"@{body('Parse_Team_Info')?['displayName']}\"\n                },\n                {\n                 \"title\": \"@{variables('StartTimeText')}\",\n                  \"value\": \"@{formatDateTime(convertFromUtc(variables('Initiation'), variables('TimeZone')), 'g')}\"\n                },\n                {\n                    \"title\": \"@{variables('EndTimeText')}\",\n                    \"value\": \"@{formatDateTime(convertFromUtc(variables('Expiration'), variables('TimeZone')), 'g')}\"\n                }\n            ]\n        }\n    ],\n    \"actions\": [\n        {\n            \"type\": \"Action.OpenUrl\",\n            \"title\": \"@{variables('ButtonText2')} @{body('Parse_Team_Info')?['displayName']}\",\n            \"url\": \"@{body('Parse_Team_Info')?['webUrl']}\"\n        },\n        {\n            \"type\": \"Action.OpenUrl\",\n            \"title\": \"@{variables('ButtonText3')} @{outputs('Get_requester_profile')?['body/displayName']}\",\n            \"url\": \"https://teams.microsoft.com/l/chat/0/0?users=@{outputs('Get_requester_profile')?['body/userPrincipalName']}\"\n        }\n    ],\n    \"$schema\": \"http://adaptivecards.io/schemas/adaptive-card.json\",\n    \"version\": \"1.2\"\n}"},"authentication":{"value":"@json(decodeBase64(triggerOutputs().headers['X-MS-APIM-Tokens']))['$ConnectionKey']","type":"Raw"}}},"Send_requestor_confirmation_message_3":{"runAfter":{"Send_assignee_confirmation_message_3":["Succeeded"]},"type":"OpenApiConnection","inputs":{"host":{"apiId":"/providers/Microsoft.PowerApps/apis/shared_teams","connectionName":"shared_teams","operationId":"PostUserAdaptiveCard"},"parameters":{"PostAdaptiveCardRequest/recipient/to":"@{variables('RequestedBy')};","PostAdaptiveCardRequest/messageBody":"{\n    \"type\": \"AdaptiveCard\",\n    \"body\": [\n        {\n            \"type\": \"TextBlock\",\n            \"size\": \"Medium\",\n            \"weight\": \"Bolder\",\n            \"text\": \"@{variables('HeaderText')}\"\n        },\n        {\n            \"type\": \"TextBlock\",\n            \"text\": \"@{variables('ConfirmationNotification1')} @{outputs('Get_Assignee_Profile')?['body/displayName']} @{variables('ConfirmationNotification2')}\",\n            \"wrap\": true\n        },\n        {\n            \"type\": \"FactSet\",\n            \"facts\": [\n                {\n                    \"title\": \"@{variables('TeamNameText')}\",\n                    \"value\": \"@{body('Parse_Team_Info')?['displayName']}\"\n                },\n             {\n               \"title\": \"@{variables('StartTimeText')}\",\n               \"value\": \"@{formatDateTime(convertFromUtc(variables('Initiation'), variables('TimeZone')), 'g')}\"\n               },\n                {\n                    \"title\": \"@{variables('EndTimeText')}\",\n                    \"value\": \"@{formatDateTime(convertFromUtc(variables('Expiration'), variables('TimeZone')), 'g')}\"\n                },\n                {\n                    \"title\": \"@{variables('DropInUserText')}\",\n                    \"value\": \"@{outputs('Get_Assignee_Profile')?['body/displayName']}\"\n                }\n            ]\n        }\n    ],\n    \"actions\": [\n        {\n            \"type\": \"Action.OpenUrl\",\n            \"title\": \"@{variables('ButtonText1')}\",\n            \"url\": \"@{variables('DropInAppUrl')}\"\n        },\n        {\n            \"type\": \"Action.OpenUrl\",\n            \"title\": \"Message @{outputs('Get_Assignee_Profile')?['body/displayName']}\",\n            \"url\": \"https://teams.microsoft.com/l/chat/0/0?users=@{variables('UserUPN')}\"\n        }\n    ],\n    \"$schema\": \"http://adaptivecards.io/schemas/adaptive-card.json\",\n    \"version\": \"1.2\"\n}"},"authentication":{"value":"@json(decodeBase64(triggerOutputs().headers['X-MS-APIM-Tokens']))['$ConnectionKey']","type":"Raw"}}},"Do_until_6":{"actions":{"Set_UpdatedExpiration_6":{"runAfter":{"Check_for_updated_expiration_time_6":["Succeeded"]},"type":"SetVariable","inputs":{"name":"UpdatedExpiration","value":"@outputs('Check_for_updated_expiration_time_6')?['body/Expiration']"}},"Check_for_updated_expiration_time_6":{"runAfter":{"Delay_until_6":["Succeeded"]},"type":"OpenApiConnection","inputs":{"host":{"apiId":"/providers/Microsoft.PowerApps/apis/shared_sharepointonline","connectionName":"shared_sharepointonline","operationId":"GetItem"},"parameters":{"dataset":"https://m365edu748418.sharepoint.com/sites/Classroom_DropIn","table":"c66072b5-953c-453e-8bd3-10d281910b3e","id":"@variables('SPOListItemID')"},"authentication":{"value":"@json(decodeBase64(triggerOutputs().headers['X-MS-APIM-Tokens']))['$ConnectionKey']","type":"Raw"}},"description":"If Drop In was cancelled, this step will error out (by design)"},"Set_PriorExpiration_6":{"runAfter":{},"type":"SetVariable","inputs":{"name":"PriorExpiration","value":"@variables('UpdatedExpiration')"}},"If_expiration_is_imminent_6":{"actions":{"Send_15_minute_warning_6":{"runAfter":{},"type":"OpenApiConnection","inputs":{"host":{"apiId":"/providers/Microsoft.PowerApps/apis/shared_teams","connectionName":"shared_teams","operationId":"PostUserAdaptiveCard"},"parameters":{"PostAdaptiveCardRequest/recipient/to":"@{variables('UserUPN')};","PostAdaptiveCardRequest/messageBody":"{\n    \"type\": \"AdaptiveCard\",\n    \"body\": [\n        {\n            \"type\": \"TextBlock\",\n            \"size\": \"Medium\",\n            \"weight\": \"Bolder\",\n            \"text\": \"@{variables('HeaderText')}\"\n        },\n        {\n            \"type\": \"TextBlock\",\n            \"text\": \"@{variables('15MinPriorNotification')}\",\n            \"wrap\": true\n        },\n        {\n            \"type\": \"FactSet\",\n            \"facts\": [\n                {\n                    \"title\": \"@{variables('TeamNameText')}\",\n                    \"value\": \"@{body('Parse_Team_Info')?['displayName']}\"\n                },\n               {\n                 \"title\": \"@{variables('StartTimeText')}\",\n              \"value\": \"@{formatDateTime(convertFromUtc(variables('Initiation'), variables('TimeZone')), 'g')}\"\n                },\n                {\n                    \"title\": \"@{variables('EndTimeText')}\",\n                    \"value\": \"@{formatDateTime(convertFromUtc(variables('UpdatedExpiration'), variables('TimeZone')), 'g')}\"\n                }\n            ]\n        }\n    ],\n    \"actions\": [\n        {\n            \"type\": \"Action.OpenUrl\",\n            \"title\": \"@{variables('ButtonText2')} @{body('Parse_Team_Info')?['displayName']}\",\n            \"url\": \"@{body('Parse_Team_Info')?['webUrl']}\"\n        },\n        {\n            \"type\": \"Action.OpenUrl\",\n            \"title\": \"Message @{outputs('Get_requester_profile')?['body/displayName']}\",\n            \"url\": \"https://teams.microsoft.com/l/chat/0/0?users=@{outputs('Get_requester_profile')?['body/userPrincipalName']}\"\n        }\n    ],\n    \"$schema\": \"http://adaptivecards.io/schemas/adaptive-card.json\",\n    \"version\": \"1.2\"\n}"},"authentication":{"value":"@json(decodeBase64(triggerOutputs().headers['X-MS-APIM-Tokens']))['$ConnectionKey']","type":"Raw"}}},"Wait_15_minutes_6":{"runAfter":{"Send_15_minute_warning_6":["Succeeded"]},"type":"Wait","inputs":{"interval":{"count":15,"unit":"Minute"}}},"Check_for_updated_expiration_time_(last_minute)_6":{"runAfter":{"Wait_15_minutes_6":["Succeeded"]},"type":"OpenApiConnection","inputs":{"host":{"apiId":"/providers/Microsoft.PowerApps/apis/shared_sharepointonline","connectionName":"shared_sharepointonline","operationId":"GetItem"},"parameters":{"dataset":"https://m365edu748418.sharepoint.com/sites/Classroom_DropIn","table":"c66072b5-953c-453e-8bd3-10d281910b3e","id":"@variables('SPOListItemID')"},"authentication":{"value":"@json(decodeBase64(triggerOutputs().headers['X-MS-APIM-Tokens']))['$ConnectionKey']","type":"Raw"}}},"If_there_was_a_last_minute_expiration_change_6":{"actions":{"Set_UpdatedExpiration_(last_minute)_6":{"runAfter":{},"type":"SetVariable","inputs":{"name":"UpdatedExpiration","value":"@outputs('Check_for_updated_expiration_time_(last_minute)_6')?['body/Expiration']"}}},"runAfter":{"Check_for_updated_expiration_time_(last_minute)_6":["Succeeded"]},"else":{"actions":{"Remove_Team_Membership_(Graph_API)_6":{"runAfter":{},"type":"Http","inputs":{"method":"DELETE","uri":"https://graph.microsoft.com/v1.0/teams/@{variables('TeamID')}/members/@{body('Parse_results_of_adding_Owner_3')?['id']}","authentication":{"type":"ActiveDirectoryOAuth","authority":"https://login.microsoft.com","tenant":"@variables('DirectoryID')","audience":"https://graph.microsoft.com","clientId":"@variables('ApplicationID')","secret":"@variables('ClientSecret')"}}},"Create_end_log_item_in_Log_list_(via_Graph_API)_6":{"runAfter":{"Remove_Team_Membership_(Graph_API)_6":["Succeeded"]},"type":"Http","inputs":{"method":"POST","uri":"https://graph.microsoft.com/v1.0/sites/@{variables('SPOSiteID')}/Lists/Log/Items","body":{"fields":{"Title":"@{GUID()}","TeamName":"","TeamID":"@{variables('TeamID')}","DropInUserUPN":"@{variables('UserUPN')}","Expiration":"@{variables('UpdatedExpiration')}","Action":"End","RequestedBYUPN":"@{variables('RequestedBy')}"}},"authentication":{"type":"ActiveDirectoryOAuth","authority":"https://login.microsoft.com","tenant":"@variables('DirectoryID')","audience":"https://graph.microsoft.com","clientId":"@variables('ApplicationID')","secret":"@variables('ClientSecret')"}},"description":"Uses Graph API since the \"Log\" list is only accessible to admins"},"Send_end_notification_6":{"runAfter":{"Create_end_log_item_in_Log_list_(via_Graph_API)_6":["Succeeded"]},"type":"OpenApiConnection","inputs":{"host":{"apiId":"/providers/Microsoft.PowerApps/apis/shared_teams","connectionName":"shared_teams","operationId":"PostUserAdaptiveCard"},"parameters":{"PostAdaptiveCardRequest/recipient/to":"@{variables('UserUPN')};","PostAdaptiveCardRequest/messageBody":"{\n    \"type\": \"AdaptiveCard\",\n    \"body\": [\n        {\n            \"type\": \"TextBlock\",\n            \"size\": \"Medium\",\n            \"weight\": \"Bolder\",\n            \"text\": \"@{variables('HeaderText')}\"\n        },\n        {\n            \"type\": \"TextBlock\",\n            \"text\": \"@{variables('EndNotification')}\",\n            \"wrap\": true\n        },\n        {\n            \"type\": \"FactSet\",\n            \"facts\": [\n                {\n                    \"title\": \"@{variables('TeamNameText')}\",\n                    \"value\": \"@{body('Parse_Team_Info')?['displayName']}\"\n                },\n                {\n                 \"title\": \"@{variables('StartTimeText')}\",\n                 \"value\": \"@{formatDateTime(convertFromUtc(variables('Initiation'), variables('TimeZone')), 'g')}\"\n                 },\n                {\n                    \"title\": \"@{variables('EndTimeText')}\",\n                    \"value\": \"@{formatDateTime(convertFromUtc(variables('UpdatedExpiration'), variables('TimeZone')), 'g')}\"\n                }\n            ]\n        }\n    ],\n    \"$schema\": \"http://adaptivecards.io/schemas/adaptive-card.json\",\n    \"version\": \"1.2\"\n}"},"authentication":{"value":"@json(decodeBase64(triggerOutputs().headers['X-MS-APIM-Tokens']))['$ConnectionKey']","type":"Raw"}}},"End_Loop_6":{"runAfter":{"Delete_item_in_Active_list_6":["Succeeded"]},"type":"SetVariable","inputs":{"name":"PriorExpiration","value":"@variables('UpdatedExpiration')"}},"Delete_item_in_Active_list_6":{"runAfter":{"Send_end_notification_6":["Succeeded"]},"type":"OpenApiConnection","inputs":{"host":{"apiId":"/providers/Microsoft.PowerApps/apis/shared_sharepointonline","connectionName":"shared_sharepointonline","operationId":"DeleteItem"},"parameters":{"dataset":"https://m365edu748418.sharepoint.com/sites/Classroom_DropIn","table":"c66072b5-953c-453e-8bd3-10d281910b3e","id":"@variables('SPOListItemID')"},"authentication":{"value":"@json(decodeBase64(triggerOutputs().headers['X-MS-APIM-Tokens']))['$ConnectionKey']","type":"Raw"}}}}},"expression":{"not":{"equals":["@variables('UpdatedExpiration')","@outputs('Check_for_updated_expiration_time_(last_minute)_6')?['body/Expiration']"]}},"type":"If"}},"runAfter":{"Set_UpdatedExpiration_6":["Succeeded"]},"expression":{"equals":["@variables('UpdatedExpiration')","@variables('PriorExpiration')"]},"type":"If"},"Delay_until_6":{"runAfter":{"Set_PriorExpiration_6":["Succeeded"]},"type":"Wait","inputs":{"until":{"timestamp":"@{addMinutes(variables('UpdatedExpiration'), -15)}"}}}},"runAfter":{"Send_requestor_confirmation_message_3":["Succeeded"]},"expression":"@equals(variables('UpdatedExpiration'), variables('PriorExpiration'))","limit":{"count":60,"timeout":"PT720H"},"type":"Until"}}},"expression":{"equals":["@outputs('Get_requester_profile')?['body/id']","@outputs('Get_Assignee_Profile')?['body/id']"]},"type":"If"},"Create_start_log_item_in_Log_list_(via_Graph_API)_3":{"runAfter":{"Setup_UpdatedExpiration_3":["Succeeded"]},"type":"Http","inputs":{"method":"POST","uri":"https://graph.microsoft.com/v1.0/sites/@{variables('SPOSiteID')}/Lists/Log/Items","body":{"fields":{"Title":"@{GUID()}","TeamName":"@{body('Parse_Team_Info')?['displayName']}","TeamID":"@{variables('TeamID')}","RequestedBYUPN":"@{variables('RequestedBy')}","DropInUserUPN":"@{variables('UserUPN')}","Expiration":"@{variables('Expiration')}","Action":"Start"}},"authentication":{"type":"ActiveDirectoryOAuth","authority":"https://login.microsoft.com","tenant":"@variables('DirectoryID')","audience":"https://graph.microsoft.com","clientId":"@variables('ApplicationID')","secret":"@variables('ClientSecret')"}},"description":"Uses Graph API since the \"Log\" list is only accessible to admins"},"Parse_results_of_adding_Owner_3":{"runAfter":{},"type":"ParseJson","inputs":{"content":"@body('Add_Assignee_as_Member_to_Team_(Graph_API)_')","schema":{"type":"object","properties":{"@@odata.context":{"type":"string"},"@@odata.type":{"type":"string"},"id":{"type":"string"},"roles":{"type":"array","items":{"type":"string"}},"displayName":{"type":"string"},"userId":{"type":"string"},"email":{"type":"string"}}}}},"Set_SPOListItemID_3":{"runAfter":{"Create_item_3":["Succeeded"]},"type":"SetVariable","inputs":{"name":"SPOListItemID","value":"@outputs('Create_item_3')?['body/ID']"}},"Setup_UpdatedExpiration_3":{"runAfter":{"Set_SPOListItemID_3":["Succeeded"]},"type":"SetVariable","inputs":{"name":"UpdatedExpiration","value":"@outputs('Create_item_3')?['body/Expiration']"},"description":"Necessary for loop below"},"Create_item_3":{"runAfter":{"Parse_results_of_adding_Owner_3":["Succeeded"]},"type":"OpenApiConnection","inputs":{"host":{"apiId":"/providers/Microsoft.PowerApps/apis/shared_sharepointonline","connectionName":"shared_sharepointonline","operationId":"PostItem"},"parameters":{"dataset":"https://m365edu748418.sharepoint.com/sites/Classroom_DropIn","table":"c66072b5-953c-453e-8bd3-10d281910b3e","item/Title":"@body('Parse_results_of_adding_Owner_3')?['id']","item/TeamName":"@body('Parse_Team_Info')?['displayName']","item/TeamID":"@variables('TeamID')","item/RequestedBy/Claims":"@variables('RequestedBy')","item/DropInUser/Claims":"@variables('UserUPN')","item/Expiration":"@variables('Expiration')","item/TeamOriginalID":"@variables('TeamOriginalID')","item/TeamUrl":"@body('Parse_Team_Info')?['webUrl']","item/StartTime":"@variables('Initiation')","item/IsOwner":false},"authentication":{"value":"@json(decodeBase64(triggerOutputs().headers['X-MS-APIM-Tokens']))['$ConnectionKey']","type":"Raw"}}}},"runAfter":{"Add_Assignee_as_Member_to_Team_(Graph_API)_":["Succeeded"]},"else":{"actions":{"Send_requestor_failure_message_3":{"runAfter":{},"type":"OpenApiConnection","inputs":{"host":{"apiId":"/providers/Microsoft.PowerApps/apis/shared_teams","connectionName":"shared_teams","operationId":"PostUserAdaptiveCard"},"parameters":{"PostAdaptiveCardRequest/recipient/to":"@{variables('RequestedBy')};","PostAdaptiveCardRequest/messageBody":"{\n    \"type\": \"AdaptiveCard\",\n    \"body\": [\n        {\n            \"type\": \"TextBlock\",\n            \"size\": \"Medium\",\n            \"weight\": \"Bolder\",\n            \"text\": \"@{variables('HeaderText')}\"\n        },\n        {\n            \"type\": \"TextBlock\",\n            \"text\": \"@{variables('FailureNotification')}\",\n            \"wrap\": true\n        },\n        {\n            \"type\": \"FactSet\",\n            \"facts\": [\n                {\n                    \"title\": \"@{variables('TeamNameText')}\",\n                    \"value\": \"@{body('Parse_Team_Info')?['displayName']}\"\n                },\n{\n                    \"title\": \"@{variables('DropInUserText')}\",\n                    \"value\": \"@{outputs('Get_Assignee_Profile')?['body/displayName']}\"\n                }\n            ]\n        }\n    ],\n    \"actions\": [\n        {\n            \"type\": \"Action.OpenUrl\",\n            \"title\": \"@{variables('ButtonText1')}\",\n            \"url\": \"@{variables('DropInAppUrl')}\"\n        }\n    ],\n    \"$schema\": \"http://adaptivecards.io/schemas/adaptive-card.json\",\n    \"version\": \"1.2\"\n}","PostAdaptiveCardRequest/recipient/isAlert":true},"authentication":{"value":"@json(decodeBase64(triggerOutputs().headers['X-MS-APIM-Tokens']))['$ConnectionKey']","type":"Raw"}}},"Create_failure_log_item_in_Log_list_(via_Graph_API)_3":{"runAfter":{"Send_requestor_failure_message_3":["Succeeded"]},"type":"Http","inputs":{"method":"POST","uri":"https://graph.microsoft.com/v1.0/sites/@{variables('SPOSiteID')}/Lists/Log/Items","body":{"fields":{"Title":"@{GUID()}","TeamName":"@{body('Parse_Team_Info')?['displayName']}","TeamID":"@{variables('TeamID')}","RequestedBYUPN":"@{variables('RequestedBy')}","DropInUserUPN":"@{variables('UserUPN')}","Expiration":"@{variables('Expiration')}","Action":"Error","ErrorData":"@{body('Add_Assignee_as_Member_to_Team_(Graph_API)_')}"}},"authentication":{"type":"ActiveDirectoryOAuth","authority":"https://login.microsoft.com","tenant":"@variables('DirectoryID')","audience":"https://graph.microsoft.com","clientId":"@variables('ApplicationID')","secret":"@variables('ClientSecret')"}},"description":"Uses Graph API since the \"Log\" list is only accessible to admins"},"Terminate__3":{"runAfter":{"Create_failure_log_item_in_Log_list_(via_Graph_API)_3":["Succeeded"]},"type":"Terminate","inputs":{"runStatus":"Cancelled"}}}},"expression":{"equals":["@outputs('Add_Assignee_as_Member_to_Team_(Graph_API)_')['statusCode']",201]},"type":"If"},"Add_Assignee_as_Member_to_Team_(Graph_API)_":{"runAfter":{},"type":"Http","inputs":{"method":"POST","uri":"https://graph.microsoft.com/v1.0/teams/@{variables('TeamID')}/members","body":{"@@odata.type":"#microsoft.graph.aadUserConversationMember","roles":["member"],"user@odata.bind":"https://graph.microsoft.com/v1.0/users/@{outputs('Get_Assignee_Profile')?['body/id']}"},"authentication":{"type":"ActiveDirectoryOAuth","authority":"https://login.microsoft.com","tenant":"@variables('DirectoryID')","audience":"https://graph.microsoft.com","clientId":"@variables('ApplicationID')","secret":"@variables('ClientSecret')"}}}}},"expression":{"equals":["@variables('IsOwner')",true]},"type":"If"}}},"connectionReferences":{"shared_teams":{"connectionName":"fd1a15884c574128a2de33071e0dbbc0","source":"Invoker","id":"/providers/Microsoft.PowerApps/apis/shared_teams","tier":"NotSpecified"},"shared_office365users":{"connectionName":"762b6b41191946efbc58ca8d9f5eb117","source":"Invoker","id":"/providers/Microsoft.PowerApps/apis/shared_office365users","tier":"NotSpecified"},"shared_sharepointonline":{"connectionName":"0f09a3ba517340399bb1227e494a871f","source":"Invoker","id":"/providers/Microsoft.PowerApps/apis/shared_sharepointonline","tier":"NotSpecified"}},"flowFailureAlertSubscribed":false}}