{"name":"03b0ea5a-152c-4bc8-a73b-e26035799653","id":"/providers/Microsoft.Flow/flows/03b0ea5a-152c-4bc8-a73b-e26035799653","type":"Microsoft.Flow/flows","properties":{"apiId":"/providers/Microsoft.PowerApps/apis/shared_logicflows","displayName":"Drop-In Cancel Flow","definition":{"metadata":{"workflowEntityId":null,"flowclientsuspensionreason":"None","flowclientsuspensiontime":null,"creator":{"id":"09c065be-6c3e-4513-8b3e-7691777b9b36","type":"User","tenantId":"b7276833-dfd6-48c9-9d8e-3499bbc96ea7"},"provisioningMethod":"FromDefinition","failureAlertSubscription":true,"clientLastModifiedTime":"2021-03-24T05:21:58.656211Z"},"$schema":"https://schema.management.azure.com/providers/Microsoft.Logic/schemas/2016-06-01/workflowdefinition.json#","contentVersion":"1.0.0.0","parameters":{"$connections":{"defaultValue":{},"type":"Object"},"$authentication":{"defaultValue":{},"type":"SecureObject"}},"triggers":{"manual":{"type":"Request","kind":"PowerApp","inputs":{"schema":{"type":"object","properties":{"InitializeTeamUPN[donotmodify]_Value":{"type":"string","description":"Enter initial value","x-ms-powerflows-param-ispartial":false},"Getitem_Id":{"type":"integer","format":"int64","description":"Unique identifier of item to be retrieved","x-ms-powerflows-param-ispartial":false},"Initializevariable_Value":{"type":"string","description":"Enter initial value","x-ms-powerflows-param-ispartial":false},"Initializevariable2_Value":{"type":"string","description":"Enter initial value","x-ms-powerflows-param-ispartial":false},"Initializevariable3_Value":{"type":"string","description":"Enter initial value","x-ms-powerflows-param-ispartial":false},"Initializevariable4_Value":{"type":"string","description":"Enter initial value","x-ms-powerflows-param-ispartial":false},"Initializevariable5_Value":{"type":"string","description":"Enter initial value","x-ms-powerflows-param-ispartial":false},"Initializevariable6_Value":{"type":"string","description":"Enter initial value","x-ms-powerflows-param-ispartial":false},"Initializevariable7_Value":{"type":"string","description":"Enter initial value","x-ms-powerflows-param-ispartial":false},"Initializevariable8_Value":{"type":"string","description":"Enter initial value","x-ms-powerflows-param-ispartial":false}},"required":["InitializeTeamUPN[donotmodify]_Value","Getitem_Id","Initializevariable_Value","Initializevariable2_Value","Initializevariable3_Value","Initializevariable4_Value","Initializevariable5_Value","Initializevariable6_Value","Initializevariable7_Value","Initializevariable8_Value"]}}}},"actions":{"Set_Client_Secret":{"runAfter":{},"type":"InitializeVariable","inputs":{"variables":[{"name":"ClientSecret","type":"string","value":"SL9UIM0-ue.pY.5.XHmbb3-GBxSUa6-~Gp"}]},"description":"From Azure AD App Registration"},"Set_Application_ID":{"runAfter":{"Set_Client_Secret":["Succeeded"]},"type":"InitializeVariable","inputs":{"variables":[{"name":"ApplicationID","type":"string","value":"951bd505-088a-479f-acda-7db18c7f6830"}]},"description":"From Azure AD App Registration"},"Set_Directory_ID":{"runAfter":{"Set_Application_ID":["Succeeded"]},"type":"InitializeVariable","inputs":{"variables":[{"name":"DirectoryID","type":"string","value":"b7276833-dfd6-48c9-9d8e-3499bbc96ea7"}]},"description":"From Azure AD App Registration"},"Set_DropInAppUrl":{"runAfter":{"Set_Directory_ID":["Succeeded"]},"type":"InitializeVariable","inputs":{"variables":[{"name":"DropInAppUrl","type":"string","value":"https://teams.microsoft.com/_#/apps/89939edd-400f-4bdb-ba3b-59cdc1f1b119/sections/b72a5a29-c3fe-43b3-a7f0-5fc40245a390"}]},"description":"Obtain by opening the PowerApp in Teams (using a web browser). Copy the URL."},"Initialize_ForwardSlash_[do_not_modify]":{"runAfter":{"Set_SPOSiteUrl":["Succeeded"]},"type":"InitializeVariable","inputs":{"variables":[{"name":"ForwardSlash","type":"string","value":"/"}]},"description":"Required as slashes cannot be escaped in formulas (used to create SPOSiteID variable)"},"Set_SPOSiteUrl":{"runAfter":{"Set_DropInAppUrl":["Succeeded"]},"type":"InitializeVariable","inputs":{"variables":[{"name":"SPOSiteUrl","type":"string","value":"https://m365edu782354.sharepoint.com/sites/ClassroomDropIn"}]},"description":"URL of SharePoint Site (must start with https, do note use a '/' at the end)"},"Get_item":{"runAfter":{"Initialize_variable_8":["Succeeded"]},"type":"OpenApiConnection","inputs":{"host":{"apiId":"/providers/Microsoft.PowerApps/apis/shared_sharepointonline","connectionName":"shared_sharepointonline","operationId":"GetItem"},"parameters":{"dataset":"@variables('SPOSiteUrl')","table":"Active","id":"@triggerBody()['Getitem_Id']"},"authentication":{"value":"@json(decodeBase64(triggerOutputs().headers['X-MS-APIM-Tokens']))['$ConnectionKey']","type":"Raw"}}},"Initialize_SPOSiteID_[do_not_modify]":{"runAfter":{"Initialize_ForwardSlash_[do_not_modify]":["Succeeded"]},"type":"InitializeVariable","inputs":{"variables":[{"name":"SPOSiteID","type":"string","value":"@{concat(substring(substring(variables('SPOSiteUrl'),8),0,indexOf(substring(variables('SPOSiteUrl'),8),variables('ForwardSlash'))),':',substring(substring(variables('SPOSiteUrl'),8),indexOf(substring(variables('SPOSiteUrl'),8),variables('ForwardSlash'))),':')\r\n}"}]}},"Create_end_log_item_in_Log_list_(via_Graph_API)":{"runAfter":{"Condition":["Succeeded"]},"type":"Http","inputs":{"method":"POST","uri":"https://graph.microsoft.com/v1.0/sites/@{variables('SPOSiteID')}/Lists/Log/Items","body":{"fields":{"Title":"@{GUID()}","TeamName":"@{outputs('Get_item')?['body/TeamName']}","TeamID":"@{outputs('Get_item')?['body/TeamID']}","RequestedBYUPN":"@{outputs('Get_item')?['body/RequestedBy/Email']}","DropInUserUPN":"@{outputs('Get_item')?['body/DropInUser/Email']}","Expiration":"@{utcNow()}","Action":"Cancel"}},"authentication":{"type":"ActiveDirectoryOAuth","authority":"https://login.microsoft.com","tenant":"@variables('DirectoryID')","audience":"https://graph.microsoft.com","clientId":"@variables('ApplicationID')","secret":"@variables('ClientSecret')"}},"description":"Uses Graph API since the \"Log\" list is only accessible to admins"},"Is_requestor_the_same_as_drop_in_user":{"actions":{"Send_end_notification":{"runAfter":{},"type":"OpenApiConnection","inputs":{"host":{"apiId":"/providers/Microsoft.PowerApps/apis/shared_teams","connectionName":"shared_teams","operationId":"PostUserAdaptiveCard"},"parameters":{"PostAdaptiveCardRequest/recipient/to":"@{outputs('Get_item')?['body/RequestedBy/Email']};","PostAdaptiveCardRequest/messageBody":"{\n    \"type\": \"AdaptiveCard\",\n    \"body\": [\n        {\n            \"type\": \"TextBlock\",\n            \"size\": \"Medium\",\n            \"weight\": \"Bolder\",\n            \"text\": \"@{variables('Headertext')}\"\n        },\n        {\n            \"type\": \"TextBlock\",\n            \"text\": \"@{variables('SelfNotification')}\",\n            \"wrap\": true\n        },\n        {\n            \"type\": \"FactSet\",\n            \"facts\": [\n                {\n                    \"title\": \"@{variables('TeamNameText')}\",\n                    \"value\": \"@{outputs('Get_item')?['body/TeamName']}\"\n                }\n            ]\n        }\n    ],\n    \"actions\": [\n{\n            \"type\": \"Action.OpenUrl\",\n            \"title\": \"@{variables('ButtonText1')}\",\n            \"url\": \"@{variables('DropInAppUrl')}\"\n        }\n    ],\n    \"$schema\": \"http://adaptivecards.io/schemas/adaptive-card.json\",\n    \"version\": \"1.2\"\n}"},"authentication":{"value":"@json(decodeBase64(triggerOutputs().headers['X-MS-APIM-Tokens']))['$ConnectionKey']","type":"Raw"}}}},"runAfter":{"Delete_item":["Succeeded"]},"else":{"actions":{"Send_end_notification_to_Assignee":{"runAfter":{},"type":"OpenApiConnection","inputs":{"host":{"apiId":"/providers/Microsoft.PowerApps/apis/shared_teams","connectionName":"shared_teams","operationId":"PostUserAdaptiveCard"},"parameters":{"PostAdaptiveCardRequest/recipient/to":"@{outputs('Get_item')?['body/DropInUser/Email']};","PostAdaptiveCardRequest/messageBody":"{\n    \"type\": \"AdaptiveCard\",\n    \"body\": [\n        {\n            \"type\": \"TextBlock\",\n            \"size\": \"Medium\",\n            \"weight\": \"Bolder\",\n            \"text\": \"@{variables('Headertext')}\"\n        },\n        {\n            \"type\": \"TextBlock\",\n            \"text\": \"@{variables('DropInUserNotification')}\",\n            \"wrap\": true\n        },\n        {\n            \"type\": \"FactSet\",\n            \"facts\": [\n                {\n                    \"title\": \"@{variables('TeamNameText')}\",\n                    \"value\": \"@{outputs('Get_item')?['body/TeamName']}\"\n                }\n            ]\n        }\n    ],\n    \"$schema\": \"http://adaptivecards.io/schemas/adaptive-card.json\",\n    \"version\": \"1.2\"\n}"},"authentication":{"value":"@json(decodeBase64(triggerOutputs().headers['X-MS-APIM-Tokens']))['$ConnectionKey']","type":"Raw"}}},"Send_end_notification_to_Requester":{"runAfter":{"Send_end_notification_to_Assignee":["Succeeded"]},"type":"OpenApiConnection","inputs":{"host":{"apiId":"/providers/Microsoft.PowerApps/apis/shared_teams","connectionName":"shared_teams","operationId":"PostUserAdaptiveCard"},"parameters":{"PostAdaptiveCardRequest/recipient/to":"@{outputs('Get_item')?['body/RequestedBy/Email']};","PostAdaptiveCardRequest/messageBody":"{\n    \"type\": \"AdaptiveCard\",\n    \"body\": [\n        {\n            \"type\": \"TextBlock\",\n            \"size\": \"Medium\",\n            \"weight\": \"Bolder\",\n            \"text\": \"@{variables('Headertext')}\"\n        },\n        {\n            \"type\": \"TextBlock\",\n            \"text\": \"@{variables('ConfirmationNotification')}\",\n            \"wrap\": true\n        },\n        {\n            \"type\": \"FactSet\",\n            \"facts\": [\n                {\n                    \"title\": \"@{variables('TeamNameText')}\",\n                    \"value\": \"@{outputs('Get_item')?['body/TeamName']}\"\n                },\n                {\n                    \"title\": \"@{variables('DropInuserText')}\",\n                    \"value\": \"@{outputs('Get_item')?['body/DropInUser/DisplayName']}\"\n                },\n            ]\n        }\n    ],\n    \"actions\": [\n{\n            \"type\": \"Action.OpenUrl\",\n            \"title\": \"@{variables('ButtonText1')}\",\n            \"url\": \"@{variables('DropInAppUrl')}\"\n        }\n    ],\n    \"$schema\": \"http://adaptivecards.io/schemas/adaptive-card.json\",\n    \"version\": \"1.2\"\n}"},"authentication":{"value":"@json(decodeBase64(triggerOutputs().headers['X-MS-APIM-Tokens']))['$ConnectionKey']","type":"Raw"}}}}},"expression":{"equals":["@outputs('Get_item')?['body/RequestedBy/Email']","@outputs('Get_item')?['body/DropInUser/Email']"]},"type":"If"},"Delete_item":{"runAfter":{"Create_end_log_item_in_Log_list_(via_Graph_API)":["Succeeded"]},"type":"OpenApiConnection","inputs":{"host":{"apiId":"/providers/Microsoft.PowerApps/apis/shared_sharepointonline","connectionName":"shared_sharepointonline","operationId":"DeleteItem"},"parameters":{"dataset":"@variables('SPOSiteUrl')","table":"Active","id":"@outputs('Get_item')?['body/ID']"},"authentication":{"value":"@json(decodeBase64(triggerOutputs().headers['X-MS-APIM-Tokens']))['$ConnectionKey']","type":"Raw"}}},"Get_user_profile_(V2)":{"runAfter":{"Get_item":["Succeeded"]},"type":"OpenApiConnection","inputs":{"host":{"apiId":"/providers/Microsoft.PowerApps/apis/shared_office365users","connectionName":"shared_office365users","operationId":"UserProfile_V2"},"parameters":{"id":"@outputs('Get_item')?['body/DropInUser/Email']"},"authentication":{"value":"@json(decodeBase64(triggerOutputs().headers['X-MS-APIM-Tokens']))['$ConnectionKey']","type":"Raw"}}},"Initialize_variable":{"runAfter":{"Initialize_SPOSiteID_[do_not_modify]":["Succeeded"]},"type":"InitializeVariable","inputs":{"variables":[{"name":"SelfNotification","type":"string","value":"@{triggerBody()['Initializevariable_Value']}"}]}},"Initialize_variable_2":{"runAfter":{"Initialize_variable":["Succeeded"]},"type":"InitializeVariable","inputs":{"variables":[{"name":"DropInUserNotification","type":"string","value":"@{triggerBody()['Initializevariable2_Value']}"}]}},"Initialize_variable_3":{"runAfter":{"Initialize_variable_2":["Succeeded"]},"type":"InitializeVariable","inputs":{"variables":[{"name":"ConfirmationNotification","type":"string","value":"@{triggerBody()['Initializevariable3_Value']}"}]}},"Initialize_variable_4":{"runAfter":{"Initialize_variable_3":["Succeeded"]},"type":"InitializeVariable","inputs":{"variables":[{"name":"ButtonText1","type":"string","value":"@{triggerBody()['Initializevariable4_Value']}"}]}},"Initialize_variable_5":{"runAfter":{"Initialize_variable_4":["Succeeded"]},"type":"InitializeVariable","inputs":{"variables":[{"name":"ButtonText2","type":"string","value":"@{triggerBody()['Initializevariable5_Value']}"}]}},"Initialize_variable_6":{"runAfter":{"Initialize_variable_5":["Succeeded"]},"type":"InitializeVariable","inputs":{"variables":[{"name":"TeamNameText","type":"string","value":"@{triggerBody()['Initializevariable6_Value']}"}]}},"Initialize_variable_7":{"runAfter":{"Initialize_variable_6":["Succeeded"]},"type":"InitializeVariable","inputs":{"variables":[{"name":"DropInuserText","type":"string","value":"@{triggerBody()['Initializevariable7_Value']}"}]}},"Initialize_variable_8":{"runAfter":{"Initialize_variable_7":["Succeeded"]},"type":"InitializeVariable","inputs":{"variables":[{"name":"Headertext","type":"string","value":"@{triggerBody()['Initializevariable8_Value']}"}]}},"Condition":{"actions":{"Remove_Team_Membership_(Graph_API)_3":{"runAfter":{"Remove_Team_Membership_(Graph_API)_1":["Succeeded"]},"type":"Http","inputs":{"method":"DELETE","uri":"https://graph.microsoft.com/v1.0/groups/@{outputs('Get_item')?['body/TeamID']}/members/@{outputs('Get_user_profile_(V2)')?['body/id']}/$ref","authentication":{"type":"ActiveDirectoryOAuth","authority":"https://login.microsoft.com","tenant":"@variables('DirectoryID')","audience":"https://graph.microsoft.com","clientId":"@variables('ApplicationID')","secret":"@variables('ClientSecret')"}}},"Remove_Team_Membership_(Graph_API)_1":{"runAfter":{},"type":"Http","inputs":{"method":"DELETE","uri":"https://graph.microsoft.com/v1.0/groups/@{outputs('Get_item')?['body/TeamID']}/owners/@{outputs('Get_user_profile_(V2)')?['body/id']}/$ref","authentication":{"type":"ActiveDirectoryOAuth","authority":"https://login.microsoft.com","tenant":"@variables('DirectoryID')","audience":"https://graph.microsoft.com","clientId":"@variables('ApplicationID')","secret":"@variables('ClientSecret')"}}}},"runAfter":{"Get_user_profile_(V2)":["Succeeded"]},"else":{"actions":{"Remove_Team_Membership_(Graph_API)_2":{"runAfter":{},"type":"Http","inputs":{"method":"DELETE","uri":"https://graph.microsoft.com/v1.0/groups/@{outputs('Get_item')?['body/TeamID']}/members/@{outputs('Get_user_profile_(V2)')?['body/id']}/$ref","authentication":{"type":"ActiveDirectoryOAuth","authority":"https://login.microsoft.com","tenant":"@variables('DirectoryID')","audience":"https://graph.microsoft.com","clientId":"@variables('ApplicationID')","secret":"@variables('ClientSecret')"}}}}},"expression":{"equals":["@outputs('Get_item')?['body/IsOwner']",true]},"type":"If"}}},"connectionReferences":{"shared_sharepointonline":{"connectionName":"1053be84bf254131b8dedaa916c39713","source":"Invoker","id":"/providers/Microsoft.PowerApps/apis/shared_sharepointonline","tier":"NotSpecified"},"shared_teams":{"connectionName":"6861f01e0228418abf8497d4c25728bf","source":"Invoker","id":"/providers/Microsoft.PowerApps/apis/shared_teams","tier":"NotSpecified"},"shared_office365users":{"connectionName":"db89d7864d064d4dabb690bea7abd420","source":"Invoker","id":"/providers/Microsoft.PowerApps/apis/shared_office365users","tier":"NotSpecified"}},"flowFailureAlertSubscribed":false}}